smiles,mol_weight,NumAr,reagent-info
COc1ccc(B(O)O)cn1,153.059723516,1,CHEMBL3236876
Cc1ccc(B(O)O)cc1Cl,170.03058757600002,1,CHEMBL4540708
OB(O)c1cccc(-n2cc(C3CC3)nn2)c1,229.10225702399998,2,CHEMBL5193460
O=C(O)c1cccc2cc(B(O)O)sc12,222.015810104,2,CHEMBL4568968
OB(O)c1ccc2[nH]ncc2c1,162.060057864,2,CHEMBL3236907
OB1OCc2ccccc21,134.053909864,1,CHEMBL378506
OB(O)c1cc2ccccc2s1,178.025980864,2,CHEMBL34964
OB(O)c1ccnc(Cl)c1,157.01018648,1,CHEMBL3236585
OB(O)c1ccc(C(F)(F)F)cc1,190.041294492,1,CHEMBL143654
Cc1cc(B(O)O)cnc1Cl,171.025836544,1,CHEMBL3236631
OB(O)c1ccnc(F)c1Cl,175.000764668,1,CHEMBL3236589
CC(=O)C(C)(C)Oc1ccc2c(c1)B(O)OC2,234.10633936,1,CHEMBL1688757
COc1cccc(B(O)O)c1,152.064474548,1,CHEMBL485741
O=C(O)COc1ccc2c(c1)B(O)OC2,208.05430378799997,1,CHEMBL1688733
OB1OCc2ccc(OCc3ccccn3)cc21,241.091023644,2,CHEMBL1688730
CC(=O)C(Oc1ccc2c(c1)B(O)OC2)C(C)C,248.121989424,1,CHEMBL1688760
OB(O)c1ccccc1O,138.048824484,1,CHEMBL4093004
COc1nccc(B(O)O)c1Cl,187.020751164,1,CHEMBL3236591
NC[C@H]1OB(O)c2c(OCCCO)cccc21,237.11723839200002,1,CHEMBL3549142
NC[C@H]1OB(O)c2c(OCCCO)cccc21,237.11723839200002,1,198027014
OB(O)c1cc2cc(O)ccc2s1,194.020895484,2,CHEMBL395398
OB(O)c1ccccc1C(F)(F)F,190.041294492,1,CHEMBL349181
OB(O)c1ccc(OCc2ccccc2)nc1,229.091023644,2,CHEMBL3236874
Cn1ccc(B2OC(C)(C)C(C)(C)O2)n1,208.138308184,1,CHEMBL5019472
Cn1ccc(B2OC(C)(C)C(C)(C)O2)n1,208.138308184,1,169747412
OB(O)c1cc[nH]n1,112.04440779999999,1,CHEMBL2071020
CC[N+]1(CC)Cc2ccccc2[B-]1(O)O,207.14305921599998,1,CHEMBL91103
CC(=O)c1ccc(B(O)O)cc1,164.064474548,1,CHEMBL1209760
OB(O)c1cnc2ccccc2c1,173.064808896,2,CHEMBL3236629
CSc1ccc(B(O)O)cn1,169.036879896,1,CHEMBL3236875
OB1OCc2ccc(O)cc21,150.048824484,1,CHEMBL1688726
OB(O)c1ccc(OCCc2ccccc2)nc1,243.106673708,2,CHEMBL3417345
NCC1OB(O)c2c3c(cc(Cl)c21)OCO3,241.031315848,1,CHEMBL4116546
Cc1cc2cn[nH]c2cc1B(O)O,176.07570792799999,2,CHEMBL5081717
COCCOc1ccc2c(c1)B(O)OC2,208.090689296,1,CHEMBL1688740
COc1ccc(B(O)O)c(-n2cccn2)c1,218.086272612,2,CHEMBL5178577
O=C(O)c1ccc(B(O)O)cc1,166.043739104,1,CHEMBL82324
OB1OCc2cc(Oc3ccc(F)cc3)ccc21,244.0707028,2,CHEMBL484171
O=C(O)c1cccn1-c1ccc2c(c1)B(O)OC2,243.0702882,2,CHEMBL3263142
O=C(c1ccccc1)c1ccc2c(c1)B(O)OC2,238.080124612,2,CHEMBL1761094
OB(O)c1ccc2nonc2c1,164.03932242,2,CHEMBL4082284
Nc1ccc(Oc2ccc3c(c2)B(O)OC3)cc1,241.091023644,2,CHEMBL1761270
Cc1cc(B(O)O)ccc1Cl,170.03058757600002,1,CHEMBL3236890
N[C@@H](Cc1ccc(B(O)O)cc1)C(=O)O,209.085938264,1,CHEMBL125582
OB1OCc2cc(Cl)ccc21,168.014937512,1,CHEMBL211538
OB1OCc2cc(Cl)ccc21,168.014937512,1,169981748
OB1OCc2ccc(Oc3cccc(O)c3)cc21,242.075039232,2,CHEMBL1761262
OB1OCc2ccc(Nc3ccccc3)cc21,225.096109024,2,CHEMBL1761260
CCC(Oc1ccc2c(c1)B(O)OC2)C(C)=O,234.10633936,1,CHEMBL1688758
OB(O)c1cccc(/N=N/c2ccccc2O)c1,242.086272612,2,CHEMBL181804
OB(O)c1cccs1,128.0103308,1,CHEMBL141272
OB1OCCc2cc(F)ccc21,166.060138116,1,CHEMBL214011
CC1(C)OB(c2cnsc2)OC1(C)C,211.08383008799998,1,CHEMBL4910008
CC1(C)OB(c2cnsc2)OC1(C)C,211.08383008799998,1,198055046
OB1OCc2ccc(-n3ccc4ccccc43)cc21,249.096109024,3,CHEMBL3263126
OB(O)c1ccc(F)cc1,140.044488052,1,CHEMBL344890
OB(O)c1ccc(O)cc1,138.048824484,1,CHEMBL3218996
N#Cc1ccc2c(c1)COB2O,159.049158832,1,CHEMBL378529
N#Cc1ccc2c(c1)COB2O,159.049158832,1,195151041
COc1ccc(B(O)O)cc1,152.064474548,1,CHEMBL21427
Nc1cc(F)c(F)c(B(O)O)c1,173.045965272,1,CHEMBL5193796
NCc1ccc(F)c(B(O)O)c1,169.071037148,1,CHEMBL5182246
Cc1ccc(F)c(B(O)O)c1,154.060138116,1,CHEMBL5174157
CCC(=O)Nc1cccc(B(O)O)c1,193.091023644,1,CHEMBL5202741
OB1OCc2cc(F)c(F)cc21,170.03506624,1,CHEMBL212619
Nc1ccc2sc(B(O)O)cc2c1,193.036879896,2,CHEMBL396390
OB(O)c1ccc(Oc2cccnc2)nc1,216.070622548,2,CHEMBL3236872
O=C(O)c1cccc(B(O)O)c1,166.043739104,1,CHEMBL421765
OB(O)c1cc(Br)cnc1Cl,234.920698548,1,CHEMBL3236926
Cn1c(B2OC(C)(C)C(C)(C)O2)cnc1Cl,242.099335832,1,CHEMBL3236901
Cn1c(B2OC(C)(C)C(C)(C)O2)cnc1Cl,242.099335832,1,169810458
OB1OC(c2c[nH]c3ccccc23)c2ccccc21,249.096109024,3,CHEMBL4875860
COc1ncccc1B(O)O,153.059723516,1,CHEMBL3236609
O=C(O)c1cn(-c2cccc(B(O)O)c2)nn1,233.060786136,2,CHEMBL5189022
OB(O)c1cccc(C(F)(F)F)c1,190.041294492,1,CHEMBL336239
OB(O)c1ccc(OCc2ccccc2)cc1,228.095774676,2,CHEMBL1824170
OB(O)c1cc(Cl)ncc1Cl,190.97121412799999,1,CHEMBL3236592
CCOc1cc(Cl)c2c(c1)B(O)OC2CN,241.067701356,1,CHEMBL4117854
OB(O)c1ccc(F)nc1,141.03973702,1,CHEMBL487369
OB1OCc2ccc3ccccc3c21,184.069559928,2,CHEMBL212618
CCOc1cccc2c1B(O)O[C@@H]2CN,207.106673708,1,CHEMBL4081755
OB1OCc2cc(F)ccc21,152.044488052,1,CHEMBL443052
CSc1ncccc1B(O)O,169.036879896,1,CHEMBL3236612
Cl.NC[C@H]1OB(O)c2c1ccc1c2OCO1,243.046965912,1,CHEMBL5187613
CCC1CC(=O)CCN1c1ccccc1B(O)O,247.137973836,1,CHEMBL5201993
CNC(=O)CNC(=O)c1ccc2c(c1)B(O)OC2,248.096837296,1,CHEMBL5078936
N#CCc1cccc(B(O)O)c1,161.064808896,1,CHEMBL4087433
CCCc1ccc(B(O)O)cc1,164.10086005600002,1,CHEMBL1952295
OB(O)c1cncc(OCc2ccccc2)c1,229.091023644,2,CHEMBL3417360
OB(O)c1ccc(F)c(Cl)c1,174.0055157,1,CHEMBL279024
COc1ccc(Cl)c2c1B(O)O[C@@H]2CN,227.052051292,1,CHEMBL4115953
OB(O)c1cccc(-c2nnn[nH]2)c1,190.06620586399998,2,CHEMBL5083690
CC(C)Oc1ccc2c(c1)B(O)OC2,192.095774676,1,CHEMBL1688738
CCNC(=O)COc1ccc2c(c1)B(O)OC2,235.101588328,1,CHEMBL1688750
Cc1ccc(Oc2ccc3c(c2)COB3O)cc1,240.095774676,2,CHEMBL509857
CC1(C)OB(c2ccc(O)nc2)OC1(C)C,221.12232377200002,1,CHEMBL4972157
CC1(C)OB(c2ccc(O)nc2)OC1(C)C,221.12232377200002,1,169743755
OB(O)c1cccc(Cn2cc(C3CC3)nn2)c1,243.11790708799998,2,CHEMBL5199663
Cc1ccc(B(O)O)cc1,136.06955992800002,1,CHEMBL140780
N#Cc1ccccc1-c1cccc2c1B(O)OC2,235.08045896,2,CHEMBL5170878
NCc1ccc(B(O)O)cc1,151.08045896,1,CHEMBL3545881
OB(O)c1ccccc1-c1ccccc1,198.085209992,2,CHEMBL467355
CC1(C)OB(O)c2ccccc21,162.08520999200002,1,CHEMBL2036004
OB(O)c1ccc2ccccc2c1,172.069559928,2,CHEMBL141079
OB(O)c1cccc(Br)c1,199.964421932,1,CHEMBL278140
CC(C)Nc1ccc(B(O)O)cc1,179.11175908799999,1,CHEMBL3236887
COc1ccc(B2OC(C)(C)C(C)(C)O2)cc1,234.14272486800002,1,CHEMBL5193023
COc1ccc(B2OC(C)(C)C(C)(C)O2)cc1,234.14272486800002,1,169747116
OB(O)c1cccc2c1sc1ccccc12,228.041630928,3,CHEMBL5202079
OB(O)c1cccnc1Cl,157.01018648,1,CHEMBL3236607
NC(Cc1ccc(B(O)O)cc1)C(=O)O,209.085938264,1,CHEMBL298071
OB(O)c1ccccc1OCc1ccccc1,228.095774676,2,CHEMBL3814113
CCCCc1ccc(B(O)O)cc1,178.11651012,1,CHEMBL555064
COc1ccccc1B(O)O,152.064474548,1,CHEMBL348732
CCc1ccc(B(O)O)cc1,150.08520999200002,1,CHEMBL1952294
OB1OCc2cc(Oc3ccccc3)ccc21,226.080124612,2,CHEMBL485360
NCCCc1cccc2c1B(O)OC2,191.11175908799999,1,CHEMBL3546131
OB1OC(c2cccs2)c2ccccc21,216.041630928,2,CHEMBL4878895
CCOc1ccc(Cl)c2c1B(O)O[C@@H]2CN,241.067701356,1,CHEMBL4117258
OB1OCc2ccc(Oc3cnccn3)cc21,228.070622548,2,CHEMBL3581480
Nc1cccc(Oc2ccc3c(c2)B(O)OC3)c1,241.091023644,2,CHEMBL1761263
O=C(O)CCCc1cccc2c1B(O)OC2,220.090689296,1,CHEMBL1643741
O=C(O)COc1cccc2c1B(O)OC2,208.05430378799997,1,CHEMBL1643743
OB(O)c1cccnc1Br,200.9596709,1,CHEMBL3236606
NC(=O)CCc1cccc2c1B(O)OC2,205.091023644,1,CHEMBL1643748
O=C(O)c1ccc2c(c1)B(O)OC2,178.043739104,1,CHEMBL4539935
O=C(O)c1ccc2c(c1)B(O)OC2,178.043739104,1,169807767
Cc1cc(F)ccc1B(O)O,154.060138116,1,CHEMBL225804
OB(O)c1ccc(-c2ccccc2)cc1,198.085209992,2,CHEMBL485742
NC[C@H]1OB(O)c2c1ccc1c2OCO1,207.0702882,1,CHEMBL5222000
Cl.NCCCc1cccc2c1B(O)OC2,227.08843679999998,1,CHEMBL1643752
CNc1ccc(C2OB(O)c3ccccc32)cc1,239.11175908799999,2,CHEMBL4875825
COCc1cc(F)ccc1B(O)O,184.0707028,1,CHEMBL388368
CN(C)C(=O)CCc1cccc2c1B(O)OC2,233.122323772,1,CHEMBL1643749
OB1OCc2cccc(F)c21,152.044488052,1,CHEMBL212684
COc1ccc2c(c1)COB2O,164.064474548,1,CHEMBL211300
Cc1ccc2c(c1)COB2O,148.069559928,1,CHEMBL213941
OB1OCc2ccc(F)cc21,152.044488052,1,CHEMBL380224
OCCCc1cccc2c1B(O)OC2,192.095774676,1,CHEMBL1688720
OB1OCc2ccc(Cc3ccccc3)cc21,224.100860056,2,CHEMBL1761093
NC[C@@H]1OB(O)c2c(OCCCO)cccc21,237.11723839200002,1,CHEMBL4739890
NC[C@@H]1OB(O)c2c(OCCCO)cccc21,237.11723839200002,1,199853522
O=C(O)CCc1cccc2c1COB2O,206.075039232,1,CHEMBL1643756
O=C(O)CCc1ccc2c(c1)COB2O,206.075039232,1,CHEMBL1643755
OB(O)c1cccnc1OCc1ccccc1,229.091023644,2,CHEMBL3236611
Nc1ccc2c(c1)B(O)OC2,149.064808896,1,CHEMBL4167266
Nc1ccc2c(c1)B(O)OC2,149.064808896,1,169746095
O=C(O)C(F)Cc1cccc2c1B(O)OC2,224.06561742,1,CHEMBL1944664
OB(O)c1ccc(Cl)nc1,157.01018648,1,CHEMBL3236617
OB(O)c1cccc(Cl)c1,156.014937512,1,CHEMBL164616
OB(O)c1cc(Cl)cnc1Cl,190.97121412799999,1,CHEMBL3236925
N#Cc1cccc(B(O)O)c1,147.049158832,1,CHEMBL485740
OB(O)c1ccsc1,128.0103308,1,CHEMBL341722
CCC(=O)C(C)Oc1ccc2c(c1)B(O)OC2,234.10633936,1,CHEMBL1688754
OB1OCc2ccc(OCc3ccccc3)cc21,240.095774676,2,CHEMBL1688727
O=C(O)CCc1cc(F)cc2c1B(O)OC2,224.06561742,1,CHEMBL1947218
O=C(O)CCc1ccc(F)c2c1B(O)OC2,224.06561742,1,CHEMBL1945109
Nc1cc2c(cc1Br)COB2O,226.975320964,1,CHEMBL5174571
OB1OC(c2ccccc2)c2ccccc21,210.085209992,2,CHEMBL4864824
OB(O)c1ccc(Oc2ccccc2)cc1,214.080124612,2,CHEMBL459151
OB(O)c1ccnc(F)c1,141.03973702,1,CHEMBL3236586
O=C(O)CCc1ccc(Cl)c2c1B(O)OC2,240.03606688,1,CHEMBL1945108
OB(O)c1cc2ccccc2c2ccccc12,222.085209992,3,CHEMBL140467
OB(O)c1ccc(Oc2ccccc2)nc1,215.07537358,2,CHEMBL3417344
N#Cc1c(B(O)O)ccnc1Cl,182.00543544800001,1,CHEMBL3236590
Nc1cccc(B(O)O)c1,137.064808896,1,CHEMBL20852
CC1(C)OB(c2cccc(C(=O)O)c2)OC1(C)C,248.121989424,1,CHEMBL573441
CC1(C)OB(c2cccc(C(=O)O)c2)OC1(C)C,248.121989424,1,169743297
OB(O)c1cccc2ccccc12,172.069559928,2,CHEMBL415532
C[Si]1(C)OB(O)c2ccc(F)cc21,196.05271471,1,CHEMBL4441209
OB(O)c1cccnc1,123.04915883199999,1,CHEMBL3236605
OB(O)c1csc2ccccc12,178.025980864,2,CHEMBL342173
CCOc1ncccc1B(O)O,167.07537358,1,CHEMBL3236610
CS(=O)(=O)c1ccc(B(O)O)cc1,200.031460168,1,CHEMBL4084348
O=C(O)CCc1ccc2c(c1)B(O)OC2,206.075039232,1,CHEMBL1643754
CC(=O)C(C)Oc1ccc2c(c1)B(O)OC2,220.090689296,1,CHEMBL1688756
OB(O)c1ccc(Cl)s1,161.971358448,1,CHEMBL142592
OB(O)c1ccco1,112.03317442,1,CHEMBL142083
Nc1cc(B(O)O)ccc1C(=O)O,181.054638136,1,CHEMBL1082936
NCc1ccc2sc(B(O)O)cc2c1,207.05252996,2,CHEMBL4466682
CCCc1ccc(B2OC(C)(C)C(C)(C)O2)cc1,246.17911037599998,1,CHEMBL1952302
CCCc1ccc(B2OC(C)(C)C(C)(C)O2)cc1,246.17911037599998,1,170152045
OB1OCc2ccc(OCC3CCCCC3)cc21,246.142724868,1,CHEMBL1688731
CC1OB(O)c2ccc(F)cc21,166.06013811600002,1,CHEMBL211954
OB(O)c1cccc(O)c1,138.048824484,1,CHEMBL2146990
OB(O)c1ccc(Br)cc1,199.964421932,1,CHEMBL20866
N#Cc1ncccc1B(O)O,148.0444078,1,CHEMBL3236613
CCC(O)C(C)Oc1ccc2c(c1)B(O)OC2,236.121989424,1,CHEMBL1688762
Cn1nccc1B1OC(C)(C)C(C)(C)O1,208.13830818399998,1,CHEMBL3236900
Cn1nccc1B1OC(C)(C)C(C)(C)O1,208.13830818399998,1,169745776
OB(O)c1cc2ccccc2o1,162.048824484,2,CHEMBL143399
Cc1c[nH]nc1B(O)O,126.060057864,1,CHEMBL3236898
Cc1ccc2sc(B(O)O)cc2c1,192.041630928,2,CHEMBL238243
Cl.NCc1ccc(B(O)O)cc1,187.05713667199998,1,CHEMBL2448389
OB1OCc2cc(C(F)(F)F)ccc21,202.041294492,1,CHEMBL212924
CC(=O)CCc1cccc2c1B(O)OC2,204.095774676,1,CHEMBL1643746
CCOc1ccc(B(O)O)cn1,167.07537358,1,CHEMBL3236877
O=C(O)CCc1c(F)ccc2c1B(O)OC2,224.06561742,1,CHEMBL1947213
O=C(O)CNc1cccc2c1B(O)OC2,207.0702882,1,CHEMBL1643744
CC(=O)c1ccsc1B(O)O,170.020895484,1,CHEMBL1867951
OB(O)c1ccnc(Cl)c1Cl,190.97121412799999,1,CHEMBL3236588
CCCOc1ccc(B(O)O)cn1,181.091023644,1,CHEMBL3417338
OB(O)c1ccc(Cl)cc1Cl,189.97596516,1,CHEMBL20726
OCc1cccc(B(O)O)c1,152.064474548,1,CHEMBL349516
CC1(C)OB(c2cncs2)OC1(C)C,211.08383008799998,1,CHEMBL3236903
CC1(C)OB(c2cncs2)OC1(C)C,211.08383008799998,1,169809956
OB(O)c1ccccc1F,140.044488052,1,CHEMBL505047
OB(O)c1ccc(Cl)c(Cl)c1,189.97596516,1,CHEMBL20776
Cc1cc(B(O)O)cnc1OCc1ccccc1,243.106673708,2,CHEMBL3417359
CC1(C)OB(c2ccc(CO)cc2)OC1(C)C,234.142724868,1,CHEMBL4443690
CC1(C)OB(c2ccc(CO)cc2)OC1(C)C,234.142724868,1,169745841
OB1OCCc2ccccc21,148.069559928,1,CHEMBL2036003
NCC1OB(O)c2ccccc21,163.08045896,1,CHEMBL4518074
N#Cc1ccc(B(O)O)cc1,147.049158832,1,CHEMBL500339
OB(O)c1c(F)cc(F)cc1F,176.025644428,1,CHEMBL91770
OB1OCc2c(F)cccc21,152.044488052,1,CHEMBL211753
Cc1c(B(O)O)ccc2ccccc12,186.08520999200002,2,CHEMBL3236895
CCCC(=O)COc1ccc2c(c1)B(O)OC2,234.10633936,1,CHEMBL1688752
N#CCCc1cccc2c1B(O)OC2,187.08045896,1,CHEMBL1643751
CN(CC(=O)O)c1cccc2c1B(O)OC2,221.085938264,1,CHEMBL1643745
NC[C@H]1OB(O)c2ccccc21,163.08045896,1,CHEMBL3355656
NC[C@H]1OB(O)c2ccccc21,163.08045896,1,197331496
CCOc1ccc2c(c1)B(O)OC2,178.080124612,1,CHEMBL1688736
OB(O)c1cccc(/N=N/c2ccc(O)cc2)c1,242.086272612,2,CHEMBL179782
Cc1cc(CCC(=O)O)c2c(c1)COB2O,220.090689296,1,CHEMBL1947216
C[Si]1(C)OB(O)c2ccc(F)c(F)c21,214.043292898,1,CHEMBL4535159
OB(O)c1cncc(Oc2cccnc2)c1,216.070622548,2,CHEMBL3236614
CCCOc1ccc2c(c1)B(O)OC2,192.095774676,1,CHEMBL1688737
OB(O)c1ccc(Cl)cc1,156.014937512,1,CHEMBL1209679
OB(O)c1ccc2c(c1)OCO2,166.043739104,1,CHEMBL141313
OB(O)c1ccccc1,122.05390986399999,1,CHEMBL21485
CC(=O)c1cccn1-c1ccc2c(c1)B(O)OC2,241.091023644,2,CHEMBL3263150
C[Si]1(C)OB(O)c2cccc(F)c21,196.05271471,1,CHEMBL4440550
NC(=O)c1ccc(B(O)O)cc1,165.059723516,1,CHEMBL328052
Cc1cc(B(O)O)cnc1Br,214.975320964,1,CHEMBL3236634
OB(O)c1ccccc1Oc1ccccc1,214.080124612,2,CHEMBL3236885
CC(C)(C)c1cn(-c2cccc(B(O)O)c2)nn1,245.13355715199998,2,CHEMBL5208379
O=C(O)c1cn(Cc2cccc(B(O)O)c2)nn1,247.0764362,2,CHEMBL5195289
O=C(Nc1cccc(B(O)O)c1)c1ccccc1,241.091023644,2,CHEMBL5206627
O=C(Nc1cccc(B(O)O)c1)c1ccsc1,247.04744458,2,CHEMBL5207289
Cc1ccc(CCC(=O)O)c2c1COB2O,220.090689296,1,CHEMBL1945104
COc1cc(CCC(=O)O)c2c(c1)COB2O,236.085603916,1,CHEMBL1947215
O=C(O)[C@H]1NCC[C@@H]1c1cccc(B(O)O)c1,235.101588328,1,CHEMBL4116845
OB1OCc2ccc(Sc3ccccc3)cc21,242.057280992,2,CHEMBL1761092
C[Si]1(C)OB(O)c2ccccc21,178.062136522,1,CHEMBL4537787
OB(O)c1cccc2c1COCO2,180.059389168,1,CHEMBL165127
OB(O)c1cc(Br)cnc1F,218.950249088,1,CHEMBL3236927
OB(O)c1ccc2cc[nH]c2c1,161.064808896,2,CHEMBL4071778
Cc1cc(B(O)O)cnc1N1CCOCC1,222.11757273999999,1,CHEMBL3236632
CC(=O)Nc1cc(B(O)O)cc(C(=O)O)c1,223.06520282,1,CHEMBL574842
OB1OCc2ccc(Oc3ccccc3)cc21,226.080124612,2,CHEMBL1761091
CCC(=O)COc1ccc2c(c1)B(O)OC2,220.090689296,1,CHEMBL1688753
N[C@@H](Cc1ccc([10B](O)O)cc1)C(=O)O,208.089569864,1,CHEMBL5220660
Cc1ccc(B(O)O)cc1F,154.06013811600002,1,CHEMBL1824168
Cc1csc(B(O)O)c1,142.025980864,1,CHEMBL334931
N#Cc1cnccc1B(O)O,148.0444078,1,CHEMBL3236587
OB1OC(N2CCOCC2)c2cc(F)ccc21,237.097251896,1,CHEMBL4461576
CSc1ccccc1B(O)O,168.041630928,1,CHEMBL352894
CCCCOc1ccc(B(O)O)cn1,195.106673708,1,CHEMBL3417339
C[Si]1(C)OB(O)c2cccc(Cl)c21,212.02316417,1,CHEMBL4542140
Nc1ccc(CCC(=O)O)c2c1COB2O,221.085938264,1,CHEMBL1945106
OB1OC(CN2CCOCC2)c2ccccc21,233.122323772,1,CHEMBL3988877
OB(O)c1ccc(Br)nc1,200.9596709,1,CHEMBL3236616
Cc1cccc(C)c1B(O)O,150.085209992,1,CHEMBL3236888
OB1OCc2cc(Cl)ncc21,169.01018648,1,CHEMBL3989285
CC(C)(Cc1cccc2c1B(O)OC2)C(=O)O,234.10633936,1,CHEMBL1643758
CCNC(=O)CCc1cccc2c1B(O)OC2,233.122323772,1,CHEMBL4534779
Nc1ccc2c(c1Br)B(O)OC2,226.975320964,1,CHEMBL4590034
OB(O)c1cccnc1F,141.03973702,1,CHEMBL3236608
OB(O)c1cccc(-c2ccccc2)c1,198.085209992,2,CHEMBL20421
C[Si]1(C)OB(O)c2cc(F)c(F)cc21,214.043292898,1,CHEMBL4573612
CCOc1ccc(F)c2c1B(O)O[C@@H]2CN,225.097251896,1,CHEMBL4102148
O=CNCc1ccc2sc(B(O)O)cc2c1,235.04744458,2,CHEMBL235291
OB(O)c1ccc2[nH]ccc2c1,161.064808896,2,CHEMBL342460
N#Cc1ccc(B(O)O)s1,153.00557976800002,1,CHEMBL124663
O=C(O)C1CCc2ccc3c(c2C1)B(O)OC3,232.090689296,1,CHEMBL1947211
OB(O)c1ccc2sc3ccccc3c2c1,228.041630928,3,CHEMBL5192855
CSc1ccc(B(O)O)cc1,168.041630928,1,CHEMBL162340
C[Si]1(C)OB(O)c2ccc(Cl)cc21,212.02316417,1,CHEMBL4580704
OB(O)c1ccc(-n2nccc2C2CC2)cc1,228.10700805599998,2,CHEMBL4981837
OB1OCc2ccc(C(O)c3ccccc3)cc21,240.095774676,2,CHEMBL1761095
OB1OCc2ccc(-n3cccc3)cc21,199.08045896,2,CHEMBL3263138
CC(C)CC(=O)COc1ccc2c(c1)B(O)OC2,248.121989424,1,CHEMBL1688761
Cc1ccc(B(O)O)c(F)c1,154.06013811600002,1,CHEMBL1824171
CCCCOc1ccc2c(c1)B(O)OC2,206.11142474,1,CHEMBL1688739
O=C(O)CCc1cccc2c1B(O)OC2,206.075039232,1,CHEMBL1643740
O=C(O)CCc1cccc2c1B(O)OC2,206.075039232,1,169997415
OCc1ccc2c(c1)COB2O,164.064474548,1,CHEMBL211354
CCCC(Oc1ccc2c(c1)B(O)OC2)C(C)=O,248.121989424,1,CHEMBL1688759
OCCCc1ccc2c(c1)B(O)OC2,192.095774676,1,CHEMBL1688724
OB1OCc2cc(C(F)(F)F)ncc21,203.03654346,1,CHEMBL3988793
C[Si]1(C)OB(O)c2cc(F)c(CO)c(F)c21,244.053857582,1,CHEMBL4434965
O=C(O)CNC(=O)c1ccc(B(O)O)cn1,224.060451788,1,CHEMBL2312531
COc1ccc(CCC(=O)O)c2c1COB2O,236.085603916,1,CHEMBL1945105
OB(O)c1ccc(NCc2ccccc2)nc1,228.10700805599998,2,CHEMBL3417358
OB(O)c1ccc(SCc2ccccc2)nc1,245.068180024,2,CHEMBL3417356
C[Si]1(C)OB(O)c2ccc(Cl)c(Cl)c21,245.984191818,1,CHEMBL4587535
O=C(O)CCc1c(Cl)ccc2c1B(O)OC2,240.03606688,1,CHEMBL1947212
OB1OCc2cccc(CCn3cnnn3)c21,230.09750599199998,2,CHEMBL1643753
OB1OCc2c1ccc(Cl)c2F,186.0055157,1,CHEMBL4530615
OB1OCc2c1ccc(Cl)c2F,186.0055157,1,642814689
O=C(O)CCc1cc(Cl)cc2c1B(O)OC2,240.03606688,1,CHEMBL1947217
Cc1ccc(NCc2cccc(B(O)O)c2)cc1,241.12740915199998,2,CHEMBL1707944
CC(=O)c1ccn(-c2ccc3c(c2)B(O)OC3)c1,241.091023644,2,CHEMBL3263155
C[Si]1(C)OB(O)c2ccc(C(F)(F)F)cc21,246.04952115,1,CHEMBL4440505
NCCCCNCc1ccc(B(O)O)cc1,222.15395824799998,1,CHEMBL3545551
OB(O)c1ccc(OCc2ccc(F)cc2)nc1,247.081601832,2,CHEMBL3417352
[Na+].[O-]B(O)c1ccccc1,144.035854112,1,CHEMBL2207070
OCCN(CCCl)c1ccc(B(O)O)cc1,243.08335141999999,1,CHEMBL4434927
O=C(O)CCc1cccc2c1B(O)OCC2,220.090689296,1,CHEMBL1643757
O=P(O)(O)CCc1cccc2c1B(O)OC2,242.05154051399998,1,CHEMBL1947207
CC1(C)OB(O)c2c(CCC(=O)O)cccc21,234.10633936000002,1,CHEMBL1643759
O=C(O)Cc1cccc2c1B(O)OC2,192.059389168,1,201306018
O=C(O)c1ccc2c(c1)COB2O,178.043739104,1,170019948
Nc1ccc2c(c1)COB2O,149.064808896,1,202969891
OB1OCc2cc3c(cc21)OCCO3,192.059389168,1,393605211
O=C(O)c1ccc2c(c1)B(O)OC2,178.043739104,1,CHEMBL4539935
O=C(O)c1ccc2c(c1)B(O)OC2,178.043739104,1,169807767
O=C(O)C[C@H]1OB(O)c2ccccc21,192.05938916800002,1,170019875
O=C(O)C[C@@H]1OB(O)c2ccccc21,192.05938916800002,1,170019872
Nc1cccc2c1COB2O,149.064808896,1,202970006
OCC[C@@H]1OB(O)c2ccccc21,178.080124612,1,203700364
Nc1ccc2c(c1)B(O)OCC2,163.08045896,1,204979070
OCC[C@H]1OB(O)c2ccccc21,178.080124612,1,203700368
OCc1cc2c(cc1F)COB2O,182.055052736,1,307581301
Nc1ccc2c(c1)B(O)OC2,149.064808896,1,CHEMBL4167266
Nc1ccc2c(c1)B(O)OC2,149.064808896,1,169746095
NC[C@@H]1OB(O)c2ccccc21,163.08045896,1,201419002
NC[C@H]1OB(O)c2ccccc21,163.08045896,1,CHEMBL3355656
NC[C@H]1OB(O)c2ccccc21,163.08045896,1,197331496
OCCCOB(O)c1cccnc1,181.091023644,1,169747030
O=C(O)c1cccc2c1B(O)OC2,178.043739104,1,204109838
CN(C)c1c(N)ccc2c1B(O)OC2,192.10700805599998,1,1083806333
O=C(O)c1cccc2c1COB2O,178.043739104,1,211484099
N#Cc1ccc2c(c1)COB2O,159.049158832,1,CHEMBL378529
N#Cc1ccc2c(c1)COB2O,159.049158832,1,195151041
N#Cc1ccc2c(c1)B(O)OC2,159.049158832,1,201310335
N#Cc1cccc2c1COB2O,159.049158832,1,238659342
C#CCOB(O)c1cccnc1,161.06480889600002,1,214479357
N#C[C@H]1OB(O)c2ccccc21,159.049158832,1,195770950
N#C[C@@H]1OB(O)c2ccccc21,159.049158832,1,195770948
COB(OC)c1cnc(OC)nc1,182.086272612,1,169809996
CC1(C)Cc2ccc(N)cc2B(O)O1,191.11175908799999,1,204981424
Cc1ccccc1B(O)OCCCO,194.11142474000002,1,169745401
OB1OCc2cc(Cl)ccc21,168.014937512,1,CHEMBL211538
OB1OCc2cc(Cl)ccc21,168.014937512,1,169981748
C[C@@H]1OB(O)c2cc(CO)c(F)cc21,196.0707028,1,238400123
OB1OCCc2cc(Cl)ccc21,182.030587576,1,1857786437
OB1OCc2ccc(Cl)cc21,168.014937512,1,218979107
OB1OCCc2ccc(F)cc21,166.060138116,1,1857786144
C[C@H]1OB(O)c2cc(CO)c(F)cc21,196.0707028,1,238484488
OB1OCc2cc(OC(F)F)ccc21,200.045630924,1,393603057
C[C@@H]1COB(O)c2cc(N)ccc21,177.09610902400001,1,238406479
OB1OCc2c(Cl)cccc21,168.014937512,1,238659416
CC1(C)OB(O)c2cc(N)ccc21,177.09610902400001,1,200312833
Cc1cc(F)cc2c1B(O)OC2,166.060138116,1,1535642745
CC1(C)OB(O)c2cc(CN)ccc21,191.111759088,1,220055653
C[C@H]1COB(O)c2cc(N)ccc21,177.09610902400001,1,238480074
OB1OCc2c1ccc(Cl)c2F,186.0055157,1,CHEMBL4530615
OB1OCc2c1ccc(Cl)c2F,186.0055157,1,642814689
Cc1ccc2c(c1Cl)COB2O,182.030587576,1,642814284
COc1ccc(B2OCCCO2)cc1,192.09577467600002,1,195945431
CC1(C)COB(c2cn[nH]c2)OC1,180.10700805599998,1,199607363
C=C[C@@H]1OB(O)c2ccccc21,160.06955992800002,1,169747511
N#Cc1ccc(B2OCCCO2)cc1,187.08045896000002,1,195892937
COB(OC)c1ccccn1,151.08045896,1,169745078
Nc1cccc(B2OCCCO2)c1,177.09610902400001,1,195966010
Fc1ccc(B2OCCCO2)cc1,180.07578818,1,196052777
CC1(C)COB(c2cccnc2)OC1,191.111759088,1,169743815
Cn1nccc1B1OCC(C)(C)CO1,194.12265811999998,1,169810020
COc1ccccc1B1OCCCO1,192.09577467600002,1,169807824
COc1cccc(B2OCCCO2)c1,192.09577467600002,1,207176630
c1ccc(B2OCCCO2)cc1,162.08520999200002,1,169748225
N#Cc1ccccc1B1OCCO1,173.06480889600002,1,196603502
CC1(C)OB(c2cc[nH]n2)OC1(C)C,194.12265811999998,1,169745777
N#Cc1cccc(B2OCCCO2)c1,187.08045896000002,1,207175829
Oc1cccc(B2OCCCO2)c1,178.08012461200002,1,198952709
C=C[C@H]1OB(O)c2ccccc21,160.06955992800002,1,169747512
c1ccc([BH]23OCCN2CCO3)cc1,191.111759088,1,
c1ccc(B2OCCNCCO2)cc1,191.111759088,1,196192982
c1cncc(B2OCCCO2)c1,163.08045896,1,169809880
CC1(C)COB(c2ccncc2)OC1,191.111759088,1,169809884
COB(OC)c1nccs1,157.036879896,1,199686679
Oc1ccc(B2OCCCO2)cc1,178.080124612,1,169965104
CC1(C)OB(c2cnoc2)OC1(C)C,195.106673708,1,169747553
N#Cc1ccccc1B1OCCCO1,187.08045896000002,1,169747838
c1csc(B2OCCCO2)c1,168.04163092800002,1,169747447
COB(OC)c1ccccc1,150.085209992,1,195754891
CC1(C)OB(c2cn[nH]c2)OC1(C)C,194.12265811999998,1,169743350
Oc1ccccc1B1OCCCO1,178.08012461200002,1,1857795706
CC1(C)OB(c2cocn2)OC1(C)C,195.10667370800002,1,203369396
O=C(O)c1cccc(B2OCCO2)c1,192.059389168,1,169995092
CC1(C)OB(c2cnco2)OC1(C)C,195.106673708,1,169996765
CC1(C)OB(c2cnc[nH]2)OC1(C)C,194.12265811999998,1,170027181
CC1(C)OB(c2ccno2)OC1(C)C,195.106673708,1,169968822
CC1(C)OB(c2ncno2)OC1(C)C,196.101922676,1,238176730
CC1(C)OB(c2ncco2)OC1(C)C,195.106673708,1,206108994
COB(OC)c1cccnc1,151.08045896,1,169810002
C[C@@H]1OB(O)c2ccc(Cl)cc21,182.03058757600002,1,203651450
C[C@H]1OB(O)c2cc(Cl)ccc21,182.03058757600002,1,1857784994
C[C@@H]1OB(O)c2cc(Cl)ccc21,182.03058757600002,1,1857784995
CC1(C)OB(O)c2cc(Cl)ccc21,196.04623764000002,1,1857787067
CC1(C)OB(O)c2ccc(Cl)cc21,196.04623764000002,1,1857784407
C[C@H]1OB(O)c2ccc(Cl)cc21,182.03058757600002,1,203651454
CC[C@@H]1COB(c2ccccc2)O1,176.100860056,1,1857777209
CC(C)c1cccc(B2OCCO2)c1,190.11651012,1,169747922
Clc1ccc(B2OCCCO2)cc1,196.04623764,1,169807985
CC[C@H]1COB(c2ccccc2)O1,176.100860056,1,1857777208
c1ccc(B2Oc3ccccc3O2)cc1,196.069559928,2,195769854
CC1(C)COB(c2ccccc2)OC1,190.11651012,1,169743638
Cc1ccccc1B1OCCCO1,176.100860056,1,169807828
CC1(C)COB(c2cccs2)OC1,196.07293105600002,1,169867786
CC1(C)OB(c2ccoc2)OC1(C)C,194.11142474,1,169743738
COB(OC)c1c(C)cc(C)cc1C,192.13216018399999,1,196022040
CC1(C)OB(c2ccco2)OC1(C)C,194.11142474,1,169747548
Cc1ccc(B2OCCCO2)cc1C,190.11651012,1,169747485
Clc1ccccc1B1OCCCO1,196.04623764,1,196690873
CC1(C)COB(c2ccsc2)OC1,196.07293105600002,1,198066076
CC1(C)OB(c2ccc[nH]2)OC1(C)C,193.12740915199998,1,169954835
Fc1cc(F)cc(B2OCCCO2)c1,198.066366368,1,203896230
CC1(C)OB(c2cc[nH]c2)OC1(C)C,193.12740915199998,1,169936316
Fc1ccc(B2OCCCO2)c(F)c1,198.066366368,1,169747477
Cc1cc(C)cc(B2OCCCO2)c1,190.11651012,1,203223387
FC(F)[C@H]1COB(c2ccccc2)O1,198.066366368,1,627280229
FC(F)[C@@H]1COB(c2ccccc2)O1,198.066366368,1,627280238
c1ccc(B2OCCCCO2)cc1,176.100860056,1,195755675
O=C(O)c1ccc(C(=O)O)c(B(O)O)c1,210.033568344,1,206144150
CN1C(=O)COc2cc(B(O)O)ccc21,207.0702882,1,382742057
CC1(C)OB(c2n[nH]c(=O)[nH]c2=O)OC1(C)C,239.107736328,1,170008064
CN1CC(=O)OB(c2cncs2)OC(=O)C1,240.03760816800002,1,170166461
C[N+]12CC(=O)O[B-]1(c1ccncc1)OC(=O)C2,234.081187232,1,644165889
CN1CC(=O)OB(c2ccncc2)OC(=O)C1,234.081187232,1,170161431
CN1CC(=O)OB(c2ccccn2)OC(=O)C1,234.081187232,1,170000110
CN1CC(=O)OB(c2ccnn2C)OC(=O)C1,237.092086264,1,170174983
CN1CC(=O)OB(c2cccnc2)OC(=O)C1,234.081187232,1,170162762
C[N+]12CC(=O)O[B-]1(c1ccccn1)OC(=O)C2,234.081187232,1,169810268
CC(C)(O)C(C)(C)OB(O)c1cncc(N)c1,238.14887286799998,1,169978829
NC[C@H]1OB(O)c2c(OCCCO)cccc21,237.11723839200002,1,CHEMBL3549142
NC[C@H]1OB(O)c2c(OCCCO)cccc21,237.11723839200002,1,198027014
Cn1nccc1B(O)OCC(C)(C)CO,212.133222804,1,169744918
C[C@H](c1ccc(B(O)O)s1)N1CC[C@@H](O)C1,241.094394772,1,381027501
CC(C)(CO)COB(O)c1cccc(N)c1,223.137973836,1,169745102
Cc1nn(C)cc1B(O)OC(C)(C)C(C)(C)O,240.16452293199998,1,169994544
CC(C)(O)C(C)(C)OB(O)c1cc[nH]n1,212.13322280399998,1,169980648
CC(C)(O)C(C)(C)OB(O)c1ccc(N)nc1,238.14887286799998,1,169916590
CC(C)(O)C(C)(C)OB(O)c1cnoc1,213.117238392,1,169747324
C[C@H](c1ccc(B(O)O)s1)N1CC[C@H](O)C1,241.094394772,1,381027504
CC(C)(O)C(C)(C)OB(O)c1ccnc(N)c1,238.14887286799998,1,200307363
CC(C)(CO)COB(O)c1cccnc1,209.122323772,1,169872185
C[C@@H](c1ccc(B(O)O)s1)N1CC[C@@H](O)C1,241.094394772,1,381027502
C[C@@H](c1ccc(B(O)O)s1)N1CC[C@H](O)C1,241.094394772,1,381027506
O=C(O)CCc1cccc2c1B(O)OC2,206.075039232,1,CHEMBL1643740
O=C(O)CCc1cccc2c1B(O)OC2,206.075039232,1,169997415
COc1ccccc1B(O)OCCCO,210.10633936,1,169745133
OB(O)c1cccc(CN2CCC(O)CC2)c1,235.137973836,1,382738722
Cc1c(B(O)OC(C)(C)C(C)(C)O)cnn1C,240.164522932,1,169994540
CC(C)(O)C(C)(C)OB(O)c1cnc(N)nc1,239.14412183599998,1,169878699
O=C(O)CCNc1ccc2c(c1)B(O)OC2,221.085938264,1,195768842
CC(C)(O)C(C)(C)OB(O)c1ccncn1,224.13322280399998,1,219404822
CC(C)(O)C(C)(C)OB(O)c1cccnc1N,238.14887286799998,1,169974768
O=C(O)c1cccc(B(O)OCCCO)c1,224.085603916,1,1857795713
Cn1nccc1B(O)OC(C)(C)C(C)(C)O,226.148872868,1,198298301
Cn1cncc1B(O)OC(C)(C)C(C)(C)O,226.148872868,1,309353902
NC[C@@H]1OB(O)c2c(OCCCO)cccc21,237.11723839200002,1,CHEMBL4739890
NC[C@@H]1OB(O)c2c(OCCCO)cccc21,237.11723839200002,1,199853522
CC(C)(O)C(C)(C)OB(O)c1cnc(N)cn1,239.14412183599998,1,203712233
CC1(C)OB(c2c[nH]nc2C(N)=O)OC1(C)C,237.12847177199998,1,170006933
NC(=O)c1ccccc1B1OCCCO1,205.091023644,1,169956148
CN1CC(=O)OB(c2ccsc2)OC(=O)C1,239.0423592,1,169810748
CN1CC(=O)OB(c2cccs2)OC(=O)C1,239.0423592,1,170162508
CN1CC(=O)OB(c2ccoc2)OC(=O)C1,223.06520282,1,170164925
C[N+]12CC(=O)O[B-]1(c1cccs1)OC(=O)C2,239.0423592,1,170027132
CN1CC(=O)OB(c2ccc(O)cc2)OC(=O)C1,249.080852884,1,203761319
Fc1cc(B2OCCNCCO2)cc(F)n1,228.088164432,1,170002552
CC1(C)OB(c2cnc(C(N)=O)nc2)OC1(C)C,249.128471772,1,204220167
Cc1cccc(B2OC(=O)CN(C)CC(=O)O2)n1,248.09683729600002,1,170163262
CN1CC(=O)OB(c2ccco2)OC(=O)C1,223.06520282,1,170161868
CN1CC(=O)OB(c2ccccc2)OC(=O)C1,233.085938264,1,169810212
Cc1ccccc1B1OC(=O)CN(C)CC(=O)O1,247.101588328,1,170162952
CN1CC(=O)OB(c2cccc(O)c2)OC(=O)C1,249.080852884,1,170161795
N#Cc1ccccc1B(O)OCCCO,205.091023644,1,169745383
Cc1cccc(B2OC(=O)CN(C)CC(=O)O2)c1,247.10158832800002,1,169810183
N#Cc1ccc(B2OCCNCCO2)cc1,216.107008056,1,514250850
CC1(C)OB(c2cnc(N)c(N)n2)OC1(C)C,236.14445618399998,1,170006060
Cc1ccc(B2OC(=O)CN(C)CC(=O)O2)nc1,248.09683729600002,1,169794865
Cc1ccc(B2OC(=O)CN(C)CC(=O)O2)cc1,247.10158832800002,1,169810261
Cc1ccncc1B1OC(=O)CN(C)CC(=O)O1,248.096837296,1,170177154
CC(C)(O)C(C)(C)OB(O)c1cnc(C#N)nc1,249.12847177199998,1,200309781
CN1CC(=O)OB(c2ccccc2O)OC(=O)C1,249.080852884,1,504480659
CCC(=O)Nc1ccc2c(c1)B(O)OC[C@H]2C,233.122323772,1,1875368573
O=C(c1ccc2c(c1)B(O)OC2)N1CCCC1,231.106673708,1,584924090
Cc1cc(B(O)OC(C)(C)C(C)(C)O)ccn1,237.1536239,1,169917357
CC(C)(O)C(C)(C)OB(O)c1ccc(F)nc1,241.128552024,1,199347375
Cc1ccc(B(O)OCC(C)(C)CO)cc1,222.14272486800002,1,169747050
CC(C)(O)C(C)(C)OB(O)c1ccncc1,223.137973836,1,169835335
OB1OCc2cc(Br)ccc21,211.964421932,1,203697171
OCCCOB(O)c1ccc(F)cc1F,216.076931052,1,169744780
Cn1cccc1B(O)OC(C)(C)C(C)(C)O,225.15362389999999,1,169980696
Cc1ccc(B(O)OC(C)(C)C(C)(C)O)o1,226.13763948800002,1,169980234
CC(C)(O)C(C)(C)OB(O)c1ccc(N)cc1,237.15362389999999,1,198089121
CCC(=O)Nc1ccc2c(c1)B(O)OC[C@@H]2C,233.122323772,1,1875368574
CC(C)(CO)COB(O)c1cc(F)cc(F)c1,244.10823118,1,169747005
CC(C)(O)C(C)(C)OB(O)c1cccc(N)c1,237.15362389999999,1,169917375
CC(C)NC(=O)c1ccc2c(c1)B(O)OC2,219.106673708,1,584923075
Cc1ccc(B(O)OC(C)(C)C(C)(C)O)cn1,237.1536239,1,169980427
CC(C)(O)C(C)(C)OB(O)c1ccco1,212.121989424,1,169747150
CC(C)c1cccc(B(O)OCCO)c1,208.127074804,1,169747027
Cc1nccnc1-c1ccc(B(O)O)c(Cl)c1,248.05238563999998,2,382686162
CC(C)(O)C(C)(C)OB(O)c1ccccc1N,237.15362389999999,1,169747149
CC(C)(O)C(C)(C)OB(O)c1cccnc1F,241.128552024,1,169996055
CC(C)(O)C(C)(C)OB(O)c1ccccc1O,238.137639488,1,196314150
CC(C)(CO)COB(O)c1ccncc1Cl,243.08335141999999,1,232321508
CC1(C)OB(O)c2ccc(C(=O)O)cc21,206.07503923200002,1,238175483
CC(C)(O)C(C)(C)OB(O)c1ccoc1,212.121989424,1,198089200
O=C1OB(O)c2cc(C(F)(F)F)ccc21,216.020559048,1,2113805530
Cn1ncc(B2OC(C)(C)C(C)(C)O2)n1,209.13355715199998,1,307675348
CC1(C)COB(c2cnccc2C#N)OC1,216.107008056,1,169748208
Cn1cc(B2OC(C)(C)C(C)(C)O2)cn1,208.138308184,1,169743351
CC1(C)OB(c2cccnc2N)OC1(C)C,220.138308184,1,169743793
CN(C)c1ncc(B2OC(C)(C)C(C)(C)O2)cn1,249.16485727999998,1,169747349
CCn1nccc1B1OCC(C)(C)CO1,208.13830818399998,1,169794315
O=C(O)c1cccc(B2OCCCO2)c1,206.075039232,1,170021563
CC1(C)OB(c2cnc(C#N)nc2)OC1(C)C,231.117907088,1,169747365
Cn1ncc(B2OC(C)(C)C(C)(C)O2)c1F,226.12888637199998,1,1857782739
CC1(C)OB(c2cnn(CC#N)c2)OC1(C)C,233.13355715199998,1,170028940
CC1(C)OB(c2c(O)ccnc2O)OC1(C)C,237.11723839200002,1,170006888
CC1(C)OB(c2cnc(O)c(C#N)c2)OC1(C)C,246.11757273999999,1,170003981
CC1(C)OB(c2c[nH]c(C(N)=O)c2)OC1(C)C,236.133222804,1,170005628
CC1(C)OB(c2cncc(N)c2N)OC1(C)C,235.149207216,1,170006727
CC1(C)OB(c2cnc(N)c(C#N)n2)OC1(C)C,246.12880611999998,1,170006067
Cn1cncc1B1OC(C)(C)C(C)(C)O1,208.13830818399998,1,169747216
Cc1cc(B2OC(C)(C)C(C)(C)O2)cn(C)c1=O,249.15362389999999,1,205757115
CC1(C)OB(c2ccc(N)nc2)OC1(C)C,220.138308184,1,169743748
Cn1ncc(B2OC(C)(C)C(C)(C)O2)c1C#N,233.13355715199998,1,1772717043
CC1(C)OB(c2cncc(N)c2)OC1(C)C,220.138308184,1,169743794
CC1(C)OB(c2cncc(CO)c2)OC1(C)C,235.13797383600001,1,169746684
CCn1nncc1B1OC(C)(C)C(C)(C)O1,223.149207216,1,300756312
Cn1nccc1B1OC(C)(C)C(C)(C)O1,208.13830818399998,1,CHEMBL3236900
Cn1nccc1B1OC(C)(C)C(C)(C)O1,208.13830818399998,1,169745776
Cn1nc(Cl)c(B2OC(C)(C)C(C)(C)O2)n1,243.09458479999998,1,1857785293
CC1(C)OB(c2cn[nH]c2C#N)OC1(C)C,219.11790708799998,1,223827951
CC1(C)OB(c2cnc(N)c(C#N)c2)OC1(C)C,245.13355715199998,1,169992896
COCn1cc(B2OC(C)(C)C(C)(C)O2)cn1,238.14887286799998,1,203622822
CCn1ncc(B2OC(C)(C)C(C)(C)O2)n1,223.14920721599998,1,1875389791
Cn1cccc(B2OC(C)(C)C(C)(C)O2)c1=O,235.13797383600001,1,169988752
COc1ncncc1B1OC(C)(C)C(C)(C)O1,236.13322280399998,1,216222700
O=C(O)c1ccc(B2OCCCO2)cc1,206.075039232,1,169747868
Cn1cc(B2OC(C)(C)C(C)(C)O2)ccc1=O,235.13797383600001,1,169794609
CC1(C)OB(c2cccc(=O)[nH]2)OC1(C)C,221.122323772,1,169968946
CC(C)(O)C(C)(C)OB(O)c1cncc(C#N)c1,248.13322280399998,1,169980275
CC1(C)OB(c2cccoc2=O)OC1(C)C,222.10633936000002,1,1857784379
Cn1nncc1B1OC(C)(C)C(C)(C)O1,209.133557152,1,169747320
Cn1ccc(B2OC(C)(C)C(C)(C)O2)cc1=O,235.13797383600001,1,169968995
CN(C)c1cc(B2OC(C)(C)C(C)(C)O2)ncn1,249.16485728,1,206114513
CC1(C)OB(c2cnc3ncnn3c2)OC1(C)C,246.12880611999998,2,1857785342
Cn1ncc(F)c1B1OC(C)(C)C(C)(C)O1,226.12888637199998,1,716539562
CC1(C)OB(c2cnc(N)cn2)OC1(C)C,221.13355715199998,1,169858432
Cc1nn(C)nc1B1OC(C)(C)C(C)(C)O1,223.149207216,1,1857787178
Cc1nc(N)ncc1B1OC(C)(C)C(C)(C)O1,235.14920721599998,1,169747181
CC1(C)OB(c2cnc(O)c(N)c2)OC1(C)C,236.13322280399998,1,170006027
Cc1c(B2OC(C)(C)C(C)(C)O2)cnc(N)c1N,249.16485727999998,1,170006104
Cc1cc(B2OC(C)(C)C(C)(C)O2)c[nH]c1=O,235.137973836,1,206442387
CC1(C)OB(c2cnc3nonc3c2)OC1(C)C,247.11282170799998,2,169809972
CC1(C)OB(c2cnc(F)nc2)OC1(C)C,224.113236308,1,206112469
Cn1ncc(C#N)c1B1OC(C)(C)C(C)(C)O1,233.13355715199998,1,209791811
CC1(C)OB(c2cnc(O)nc2)OC1(C)C,222.11757273999999,1,169745957
CC1(C)OB(c2cc(N)cnc2O)OC1(C)C,236.133222804,1,170003934
Cc1nnn(C)c1B1OC(C)(C)C(C)(C)O1,223.149207216,1,206057227
Cn1cc(C#N)c(B2OC(C)(C)C(C)(C)O2)n1,233.13355715199998,1,575447771
CC1(C)COB(c2cccnc2F)OC1,209.10233727600001,1,169946577
CCn1nc(C)c(B2OC(C)(C)C(C)(C)O2)n1,237.16485727999998,1,1857786126
CC1(C)OB(c2cnn(CCO)c2)OC1(C)C,238.14887286799998,1,169745973
CC1(C)OB(c2cnc(N)c(N)c2)OC1(C)C,235.14920721599998,1,169743584
CC1(C)OB(c2cncnc2)OC1(C)C,206.12265811999998,1,169743799
Cc1nc(N)nc(C)c1B1OC(C)(C)C(C)(C)O1,249.16485727999998,1,170008077
CC1(C)OB(c2cncc(N)c2O)OC1(C)C,236.133222804,1,170008236
CC1(C)OB(c2cnc(N)nc2)OC1(C)C,221.133557152,1,169743759
CC1(C)OB(c2ccnc(CO)c2)OC1(C)C,235.13797383600001,1,169747647
CCn1ncc(N)c1B1OC(C)(C)C(C)(C)O1,237.16485727999998,1,169990113
CC1(C)OB(c2cnc(N)cc2C#N)OC1(C)C,245.13355715199998,1,169747769
CC1(C)OB(c2cc[nH]c(=O)c2)OC1(C)C,221.122323772,1,169748254
CC1(C)OB(c2ccnnc2)OC1(C)C,206.12265811999998,1,169794694
CC(=O)n1cc(B2OC(C)(C)C(C)(C)O2)cn1,236.13322280399998,1,169743550
CC1(C)OB(c2ccc(C(N)=O)nc2)OC1(C)C,248.133222804,1,169747513
CNC(=O)c1ccc(B2OCCCO2)cc1,219.106673708,1,169746479
CNc1ncc(B2OC(C)(C)C(C)(C)O2)cn1,235.14920721599998,1,169747192
CC1(C)OB(c2cccnc2CO)OC1(C)C,235.13797383600001,1,170006690
Cn1cc(B2OC(C)(C)C(C)(C)O2)nn1,209.133557152,1,206057150
CC1(C)OB(c2ccc(CN)nc2)OC1(C)C,234.153958248,1,169959080
CC1(C)OB(c2ccnc(N)c2)OC1(C)C,220.138308184,1,169743562
COc1cncc(B2OC(C)(C)C(C)(C)O2)n1,236.13322280399998,1,169743877
COc1cnc(B2OC(C)(C)C(C)(C)O2)cn1,236.13322280399998,1,169747798
CC1(C)OB(c2cncc(C(N)=O)c2)OC1(C)C,248.133222804,1,169745862
COc1ccc(B2OCC(C)(C)CO2)cn1,221.12232377200002,1,169844656
CC(C)(O)C(C)(C)OB(O)c1ccc(C#N)nc1,248.13322280399998,1,169917209
CC1(C)OB(c2cnc(N)cc2N)OC1(C)C,235.14920721599998,1,205765390
Cn1ccc(B2OC(C)(C)C(C)(C)O2)n1,208.138308184,1,CHEMBL5019472
Cn1ccc(B2OC(C)(C)C(C)(C)O2)n1,208.138308184,1,169747412
CC1(C)OB(c2ccc(CO)nc2)OC1(C)C,235.137973836,1,169746273
COc1ncc(B2OC(C)(C)C(C)(C)O2)cn1,236.13322280399998,1,169747356
CC1(C)OB(c2ncc(F)cn2)OC1(C)C,224.113236308,1,206100742
Cn1cnc(B2OC(C)(C)C(C)(C)O2)c1,208.13830818399998,1,170025619
CC1(C)COB(c2ccncc2C#N)OC1,216.107008056,1,169748209
CC1(C)OB(c2cccnn2)OC1(C)C,206.12265812,1,169748052
CC1(C)OB(c2cc(C#N)cnc2N)OC1(C)C,245.133557152,1,199488281
CC1(C)OB(c2cnccc2NC=O)OC1(C)C,248.133222804,1,206103770
CC1(C)OB(c2ccc(NC=O)nc2)OC1(C)C,248.133222804,1,206102429
CC1(C)OB(c2ncc(C#N)cn2)OC1(C)C,231.117907088,1,585672947
C#CCn1cc(B2OC(C)(C)C(C)(C)O2)cn1,232.138308184,1,585142756
CC1(C)OB(c2ccnc(NC=O)c2)OC1(C)C,248.133222804,1,198023542
CC1(C)OB(c2cnc(CC#N)nc2)OC1(C)C,245.133557152,1,306764438
CC(C)(O)C(C)(C)OB(O)c1cccnc1C#N,248.13322280399998,1,169994822
CC1(C)OB(c2cccc(N)n2)OC1(C)C,220.138308184,1,196237683
Cn1cc(B2OC(C)(C)C(C)(C)O2)c(C#N)n1,233.133557152,1,575447672
Cn1cnc(B2OC(C)(C)C(C)(C)O2)n1,209.13355715199998,1,714846173
CC1(C)OB(c2cnccc2C(N)=O)OC1(C)C,248.133222804,1,199486791
CC(C)(O)C(C)(C)OB(O)c1ccnc(C#N)c1,248.13322280399998,1,169980538
CC1(C)COB(c2cccnc2C#N)OC1,216.107008056,1,169747944
CC1(C)OB(c2ccnc(C(N)=O)c2)OC1(C)C,248.133222804,1,198023685
CCN(C)c1ccc(B2OCCO2)cn1,206.12265812,1,211335663
CC1(C)OB(c2ccc[nH]c2=O)OC1(C)C,221.12232377200002,1,206104402
CC1(C)OB(c2cc(N)ccn2)OC1(C)C,220.138308184,1,169858435
CC1(C)OB(c2ncccn2)OC1(C)C,206.12265812,1,169858393
CC(C)(O)C(C)(C)OB(O)c1ccccc1C#N,247.137973836,1,197901982
CC1(C)OB(c2ccncc2N)OC1(C)C,220.138308184,1,169748030
N#Cc1ccc(B2OCCCO2)c(F)c1,205.07103714800002,1,642814757
Cn1ccnc1B1OC(C)(C)C(C)(C)O1,208.13830818399998,1,169983200
CC(C)(O)C(C)(C)OB(O)c1ccncc1C#N,248.13322280399998,1,169917345
CC1(C)OB(c2cccnc2C(N)=O)OC1(C)C,248.133222804,1,206104550
CC1(C)OB(c2ccc(C#N)nc2N)OC1(C)C,245.133557152,1,307710305
COc1cc(B2OC(C)(C)C(C)(C)O2)cnn1,236.133222804,1,306328872
CC(C)(CO)COB(O)c1cccc(C#N)c1,233.122323772,1,232320089
CC1(C)OB(c2cnc(F)cn2)OC1(C)C,224.113236308,1,198084998
CN(C)c1cnc(B2OC(C)(C)C(C)(C)O2)cn1,249.16485727999998,1,198087545
CC1(C)OB(c2cnccc2N)OC1(C)C,220.138308184,1,206103355
CC1(C)OB(c2cnccn2)OC1(C)C,206.12265812,1,169743875
CC1(C)OB(c2csc(CO)n2)OC1(C)C,241.09439477200002,1,1857794213
OB1OCc2c(OCc3ccccc3)cccc21,240.095774676,2,299805343
Cc1ccsc1B(O)OC(C)(C)C(C)(C)O,242.114795868,1,169994831
Cc1ccccc1B(O)OC(C)(C)C(C)(C)O,236.15837493200002,1,200333356
CC(C)(O)C(C)(C)OB(O)c1cccc(F)c1,240.133303056,1,199406581
OB1OCc2cc(OCc3ccccc3)ccc21,240.095774676,2,725326036
OB(O)c1scc(-c2ccccc2)c1Cl,238.002658576,2,396161165
CC1(C)COB(c2cccc(Cl)c2C#N)OC1,249.07278673599998,1,169746590
Cc1cc(B2OC(C)(C)C(C)(C)O2)nn1C,222.15395824799998,1,170008777
CC1(C)OB(c2ccccc2C(=O)O)OC1(C)C,248.121989424,1,169856405
CC1(C)OB(c2ccc(F)cc2N)OC1(C)C,237.13363740399998,1,169952164
CC1(C)COB(c2cccc(N)c2)OC1,205.12740915199998,1,169810474
CC1(C)OB(c2ccn3nccc3c2)OC1(C)C,244.13830818399998,2,307361483
CCn1nccc1B1OC(C)(C)C(C)(C)O1,222.15395824799998,1,169746171
CC1(C)OB(c2cc(O)ccc2C#N)OC1(C)C,245.12232377200002,1,206121676
CC1(C)OB(c2ccc(C(N)=O)cc2)OC1(C)C,247.13797383600001,1,169748062
c1ccc2cc(B3OCCCO3)ccc2c1,212.100860056,2,195964529
CC1(C)OB(c2ccncc2F)OC1(C)C,223.11798734,1,169745951
C[C@@H]1CC(C)(C)OB(c2ccccc2)O1,204.13216018399999,1,169807815
Cc1ccc(B2OC(C)(C)C(C)(C)O2)cc1CO,248.158374932,1,169955706
COc1ccc(B2OC(C)(C)C(C)(C)O2)cc1,234.14272486800002,1,CHEMBL5193023
COc1ccc(B2OC(C)(C)C(C)(C)O2)cc1,234.14272486800002,1,169747116
Cc1ncccc1B1OC(C)(C)C(C)(C)O1,219.143059216,1,169747627
CC1(C)OB(c2ccc(N)cc2C#N)OC1(C)C,244.138308184,1,170003104
CC(C)n1nccc1B1OC(C)(C)C(C)(C)O1,236.16960831199998,1,169746167
CCn1ncc(B2OC(C)(C)C(C)(C)O2)c1C,236.16960831199998,1,211227483
CC1(C)COB(c2ccc(CC#N)cc2)OC1,229.12740915199998,1,169946401
Cc1nc(O)ccc1B1OC(C)(C)C(C)(C)O1,235.137973836,1,169978284
COc1cccc(B2OCC(C)(C)CO2)c1C#N,245.12232377200002,1,169746639
Cc1ccc(B2OC(C)(C)C(C)(C)O2)cc1N,233.15870927999998,1,169747240
CCn1ncc(C)c1B1OC(C)(C)C(C)(C)O1,236.16960831199998,1,201498298
CC1(C)OB(c2cnn3ccncc23)OC1(C)C,245.13355715199998,2,203607503
CC1(C)COB(c2cccc(C#N)c2)OC1,215.11175908799999,1,169904226
CC1(C)COB(c2ccccc2C#N)OC1,215.11175908799999,1,169747867
Cc1cnc(F)c(B2OC(C)(C)C(C)(C)O2)c1,237.133637404,1,169747879
Cc1cc(B2OC(C)(C)C(C)(C)O2)cc(N)n1,234.15395824799998,1,200774531
CC1(C)OB(c2ccn3ncnc3c2)OC1(C)C,245.13355715199998,2,201191455
Cc1cnc(F)cc1B1OC(C)(C)C(C)(C)O1,237.13363740399998,1,169969397
CC1(C)OB(c2ccc(C(=O)O)nc2)OC1(C)C,249.117238392,1,169902044
CC1(C)OB(c2[nH]ncc2Cl)OC1(C)C,228.08368576799998,1,238176099
CC(=O)c1ccc(B2OC(C)(C)C(C)(C)O2)cn1,247.13797383600001,1,169969293
CC1(C)OB(c2cc(F)cc(C#N)c2)OC1(C)C,247.11798733999998,1,169903305
CC1(C)OB(c2ccc(C#N)c(O)c2)OC1(C)C,245.12232377200002,1,169956105
CC1(C)OB(c2cc(N)ccc2F)OC1(C)C,237.133637404,1,169747261
CC1(C)COB(c2ccccc2F)OC1,208.107088308,1,169844745
C[C@H]1CC(C)(C)OB(c2ccc(C#N)cc2)O1,229.12740915199998,1,169808879
CC1(C)OB(c2cc(F)cnc2N)OC1(C)C,238.12888637199998,1,206158545
CC1(C)OB(c2ccc(C#N)cc2)OC1(C)C,229.127409152,1,169743290
CNc1cncc(B2OC(C)(C)C(C)(C)O2)c1,234.15395824799998,1,201708484
Cc1cc(B2OC(C)(C)C(C)(C)O2)ncc1N,234.15395824799998,1,170006114
Cc1cc(B2OC(C)(C)C(C)(C)O2)cc(F)n1,237.13363740399998,1,169969381
Cc1ccc(B2OC(C)(C)C(C)(C)O2)c(N)c1,233.15870927999998,1,169743557
Cc1ncc(B2OC(C)(C)C(C)(C)O2)n1C,222.153958248,1,169747212
CC1(C)OB(c2ccccc2)OC1(C)C,204.13216018399999,1,169743615
CC1(C)OB(c2ccc(C#N)s2)OC1(C)C,235.083830088,1,169909661
CCc1n[nH]cc1B1OC(C)(C)C(C)(C)O1,222.15395824799998,1,1857780363
COCc1cc(B2OC(C)(C)C(C)(C)O2)ccn1,249.1536239,1,307626858
CC1(C)OB(c2c(F)cccc2C#N)OC1(C)C,247.11798733999998,1,169747255
CC1(C)OB(c2cc(N)cc(C#N)c2)OC1(C)C,244.138308184,1,203718853
CC1(C)OB(c2ccc(O)nc2)OC1(C)C,221.12232377200002,1,CHEMBL4972157
CC1(C)OB(c2ccc(O)nc2)OC1(C)C,221.12232377200002,1,169743755
COc1c(N)cccc1B1OC(C)(C)C(C)(C)O1,249.15362389999999,1,170007949
CC1(C)COB(c2ccc3c(c2)COCO3)OC1,248.121989424,1,169794707
COc1cc(B2OC(C)(C)C(C)(C)O2)sn1,241.09439477200002,1,306364109
Cc1ccoc1B1OC(C)(C)C(C)(C)O1,208.12707480400002,1,238479983
CC1(C)OB(c2cnc(O)c(F)c2)OC1(C)C,239.11290196,1,169748293
CC1(C)OB(c2cc(O)cc(F)c2)OC1(C)C,238.11765299200002,1,206123193
Cc1occc1B1OC(C)(C)C(C)(C)O1,208.12707480400002,1,169743719
Brc1ccccc1B1OCCCO1,239.99572206,1,197184484
CC1(C)OB(c2ccc(N)nc2F)OC1(C)C,238.128886372,1,169989320
CC1(C)OB(c2ccc3c(c2)CCN3)OC1(C)C,245.15870927999998,1,169745585
Cc1c(B2OC(C)(C)C(C)(C)O2)cnn1C,222.15395824799998,1,169743797
Cc1cccnc1B1OC(C)(C)C(C)(C)O1,219.143059216,1,169855881
Cn1ncc(Cl)c1B1OC(C)(C)C(C)(C)O1,242.09933583199998,1,169794278
CCNc1cc(B2OC(C)(C)C(C)(C)O2)ccn1,248.169608312,1,198023993
CNc1ncccc1B1OC(C)(C)C(C)(C)O1,234.15395824799998,1,206104738
CC1(C)OB(c2ccc(C#N)c(F)c2)OC1(C)C,247.11798734,1,169747302
Cc1ccnc(B2OC(C)(C)C(C)(C)O2)c1,219.143059216,1,169858396
CC1(C)OB(c2cnccc2C#N)OC1(C)C,230.12265812,1,169745953
CC1(C)OB(c2c(O)cccc2F)OC1(C)C,238.11765299200002,1,206117800
Cc1ncc(B2OC(C)(C)C(C)(C)O2)cn1,220.138308184,1,169747766
CC1(C)OB(c2ccccn2)OC1(C)C,205.127409152,1,169746829
Cc1cc(N)ccc1B1OC(C)(C)C(C)(C)O1,233.15870928,1,169743559
CC1(C)OB(c2ccc3ccnn3c2)OC1(C)C,244.13830818399998,2,584648415
Cc1ccc(B2OC(C)(C)C(C)(C)O2)o1,208.127074804,1,169747211
CC1(C)OB(c2ccncc2C#N)OC1(C)C,230.12265812,1,169745950
Cc1cnc(C)c(B2OC(C)(C)C(C)(C)O2)c1,233.15870928,1,169969054
CC1(C)OB(c2cncc(C(=O)O)c2)OC1(C)C,249.11723839200002,1,198450578
Cn1ccc(B2OC(C)(C)C(C)(C)O2)c1,207.143059216,1,169743539
CCc1nn(C)cc1B1OC(C)(C)C(C)(C)O1,236.16960831199998,1,211223101
CC1(C)COB(c2ccc(Cl)nc2)OC1,225.07278673599998,1,169946581
CC1(C)OB(c2ccc3c(c2)OCO3)OC1(C)C,248.121989424,1,169747554
CNCc1ccc(B2OC(C)(C)C(C)(C)O2)cc1,247.174359344,1,169951892
CC1(C)OB(c2ccc3c(c2)CCO3)OC1(C)C,246.142724868,1,169747480
Cc1scnc1B1OC(C)(C)C(C)(C)O1,225.09948015199998,1,238474226
Cc1cnn(C)c1B1OC(C)(C)C(C)(C)O1,222.15395824799998,1,169746094
CC1(C)OB(c2ccc3[nH]ncc3c2)OC1(C)C,244.138308184,2,169746818
CC1(C)OB(c2ccc(C#N)cc2N)OC1(C)C,244.138308184,1,203613401
CC1(C)COB(c2cnccc2Cl)OC1,225.072786736,1,169746593
CC1(C)OB(c2cc(N)cc(F)c2)OC1(C)C,237.133637404,1,201073989
CC1(C)OB(c2nccs2)OC1(C)C,211.08383008799998,1,169811646
CC1(C)OB(c2cccc(N)c2N)OC1(C)C,234.153958248,1,170003279
Cc1cc(B2OC(C)(C)C(C)(C)O2)sn1,225.09948015199998,1,205226449
CCCn1cc(B2OC(C)(C)C(C)(C)O2)cn1,236.169608312,1,169743749
CC1(C)OB(c2cnc3cncn3c2)OC1(C)C,245.133557152,2,1775955178
Cc1cncc(B2OC(C)(C)C(C)(C)O2)c1,219.143059216,1,169951770
CC1(C)OB(c2ccnc(C#N)c2)OC1(C)C,230.12265812,1,169747335
Cc1nc(F)ccc1B1OC(C)(C)C(C)(C)O1,237.13363740399998,1,169952167
CC1(C)OB(c2ncn3c2CCCC3)OC1(C)C,248.16960831199998,1,1875389973
COc1cncc(B2OC(C)(C)C(C)(C)O2)c1,235.137973836,1,169747076
CC1(C)OB(c2ccccc2C(N)=O)OC1(C)C,247.137973836,1,169993771
CC1(C)OB(c2ccnc(F)c2)OC1(C)C,223.11798734,1,169743528
Cc1cc(B2OC(C)(C)C(C)(C)O2)c[nH]1,207.14305921599998,1,197952680
C[C@H](C#N)n1cc(B2OC(C)(C)C(C)(C)O2)cn1,247.14920721599998,1,217895276
CC1(C)OB(c2ccc3ncnn3c2)OC1(C)C,245.133557152,2,169747607
Cn1cc(B2OC(C)(C)C(C)(C)O2)c(C2CC2)n1,248.169608312,1,203284694
Cc1ncc(C#N)cc1B1OC(C)(C)C(C)(C)O1,244.13830818399998,1,255190608
CC1(C)OB(c2cnc3ccnn3c2)OC1(C)C,245.133557152,2,169810122
Cc1ccc(B2OC(C)(C)C(C)(C)O2)cn1,219.14305921599998,1,169743672
CCOc1ncccc1B1OC(C)(C)C(C)(C)O1,249.15362389999999,1,169743669
Cc1c(B2OC(C)(C)C(C)(C)O2)cc(C#N)n1C,246.15395824799998,1,169936067
CCc1cc(B2OC(C)(C)C(C)(C)O2)ccn1,233.15870927999998,1,169748301
Cc1cocc1B1OC(C)(C)C(C)(C)O1,208.12707480400002,1,207222501
Cc1c(B2OC(C)(C)C(C)(C)O2)ccnc1F,237.13363740399998,1,169969365
CC(C)OB(OC(C)C)c1nccs1,213.099480152,1,170017198
COc1nc(B2OC(C)(C)C(C)(C)O2)cs1,241.094394772,1,198085398
Cc1ccccc1B1OCC(C)(C)CO1,204.13216018399999,1,169807401
CC1(C)OB(c2cncc(C#N)c2)OC1(C)C,230.12265812,1,169747182
CNCc1cncc(B2OC(C)(C)C(C)(C)O2)c1,248.16960831199998,1,200995849
CC1(C)OB(c2ccc(CO)cc2N)OC1(C)C,249.15362389999999,1,170006539
CC1(C)OB(c2cc(F)cnc2F)OC1(C)C,241.10856552799999,1,169747761
CC1(C)OB(c2cccc3c2CCN3)OC1(C)C,245.15870927999998,1,220856532
Cc1cnc(B2OC(C)(C)C(C)(C)O2)c(N)c1,234.153958248,1,170006118
CC1(C)OB(c2cccc(O)c2)OC1(C)C,220.127074804,1,169743288
Cc1n[nH]cc1B1OC(C)(C)C(C)(C)O1,208.13830818399998,1,169743765
CC1(C)OB(c2cccc(C#N)c2F)OC1(C)C,247.11798733999998,1,169935918
CC1(C)OB(c2ccc(N)c(N)c2)OC1(C)C,234.153958248,1,169743576
CC1(C)OB(c2ccc(F)nc2F)OC1(C)C,241.10856552799999,1,169745919
Cc1ccc(B2OC(C)(C)C(C)(C)O2)c(C)n1,233.15870927999998,1,169983768
Cc1cnc(B2OC(C)(C)C(C)(C)O2)cn1,220.138308184,1,169794603
CC1(C)OB(c2ccnn2C2CCC2)OC1(C)C,248.16960831199998,1,253496164
CC1(C)OB(c2ccc3c(c2)NCC3)OC1(C)C,245.15870927999998,1,169809857
CC1(C)OB(c2ccc(O)cc2)OC1(C)C,220.12707480400002,1,169743289
CC1(C)OB(c2ccc(CN)s2)OC1(C)C,239.115130216,1,203807418
Cc1cc(O)cc(B2OC(C)(C)C(C)(C)O2)c1,234.14272486800002,1,169905088
CCNc1ncc(B2OC(C)(C)C(C)(C)O2)cn1,249.16485727999998,1,169904964
COc1ncc(C)cc1B1OC(C)(C)C(C)(C)O1,249.15362389999999,1,169794128
Cc1c(C#N)cncc1B1OC(C)(C)C(C)(C)O1,244.13830818399998,1,306378697
COc1ccccc1B1O[C@@H](C)CC(C)(C)O1,234.14272486800002,1,169806788
Cc1ccc(O)c(B2OC(C)(C)C(C)(C)O2)c1,234.14272486800002,1,201818452
CC1(C)OB(c2cnc(Cl)nc2)OC1(C)C,240.083685768,1,169743570
CC1(C)OB(c2cscn2)OC1(C)C,211.083830088,1,169905589
CC1(C)OB(c2cccc(CO)c2)OC1(C)C,234.142724868,1,169745840
Cc1cc(B2OC(C)(C)C(C)(C)O2)on1,209.122323772,1,169992572
CC1(C)OB(c2ccc(F)cn2)OC1(C)C,223.11798733999998,1,169744852
COc1ccc(N)cc1B1OC(C)(C)C(C)(C)O1,249.15362389999999,1,170003231
CC(=O)n1ccc(B2OC(C)(C)C(C)(C)O2)c1,235.137973836,1,169746361
CC1(C)OB(c2cccc(C#N)n2)OC1(C)C,230.12265811999998,1,169858384
CCOc1cnccc1B1OC(C)(C)C(C)(C)O1,249.15362389999999,1,198023600
CC1(C)OB(c2ccc(N)cc2)OC1(C)C,219.143059216,1,169743285
CC1(C)OB(c2cnn(CCF)c2)OC1(C)C,240.14453643599998,1,169810397
CC(=O)c1cncc(B2OC(C)(C)C(C)(C)O2)c1,247.137973836,1,169988746
CC1(C)OB(c2cncc(Cl)n2)OC1(C)C,240.083685768,1,169858415
CC(C)n1ccc(B2OC(C)(C)C(C)(C)O2)n1,236.169608312,1,169956577
CC1(C)OB(c2cnn3c2CCC3)OC1(C)C,234.15395824799998,1,205513542
Cc1cn(C)nc1B1OC(C)(C)C(C)(C)O1,222.15395824799998,1,225140330
Cc1ccc(CN)cc1B1OC(C)(C)C(C)(C)O1,247.17435934399998,1,224680348
CC1(C)COB(c2cc(F)cc(F)c2)OC1,226.097666496,1,169807950
COc1ccc(B2O[C@H](C)CC(C)(C)O2)cc1,234.14272486800002,1,169807893
CC1(C)OB(c2cnsc2)OC1(C)C,211.08383008799998,1,CHEMBL4910008
CC1(C)OB(c2cnsc2)OC1(C)C,211.08383008799998,1,198055046
Cc1ccc(N)cc1B1OC(C)(C)C(C)(C)O1,233.15870928,1,169743560
CC1(C)OB(c2ccc(C#N)nc2)OC1(C)C,230.12265812,1,169746826
Cc1ncc(B2OC(C)(C)C(C)(C)O2)o1,209.12232377200002,1,199593383
CC1(C)OB(c2ccc(O)c(N)c2)OC1(C)C,235.13797383600001,1,169743556
CN(C)c1ncccc1B1OC(C)(C)C(C)(C)O1,248.16960831199998,1,206104771
Cc1ccncc1B1OC(C)(C)C(C)(C)O1,219.143059216,1,169986678
CC1(C)OB(c2cc(C#N)ccc2O)OC1(C)C,245.12232377200002,1,206121636
CC1(C)OB(c2cccnc2F)OC1(C)C,223.11798734,1,169745935
Cc1cc(B2OC(C)(C)C(C)(C)O2)cnn1,220.13830818399998,1,169936636
COCc1cncc(B2OC(C)(C)C(C)(C)O2)c1,249.15362389999999,1,199476041
CN(C)c1ccc(B2OC(C)(C)C(C)(C)O2)cn1,248.169608312,1,169746467
Cc1cc(B2OC(C)(C)C(C)(C)O2)cc(C)n1,233.15870927999998,1,169746153
CC1(C)OB(c2cccc3c2OCC3)OC1(C)C,246.142724868,1,169743681
CC1(C)OB(c2cncc(F)c2)OC1(C)C,223.11798734,1,169747633
CC1(C)OB(c2cc(N)cnc2F)OC1(C)C,238.128886372,1,170006150
CC(C)n1nncc1B1OC(C)(C)C(C)(C)O1,237.16485727999998,1,725271170
CCn1nc(C)cc1B1OC(C)(C)C(C)(C)O1,236.16960831199998,1,203600057
CCn1cc(B2OC(C)(C)C(C)(C)O2)cn1,222.153958248,1,169743796
Cc1ccc(N)c(B2OC(C)(C)C(C)(C)O2)c1,233.15870928,1,169794296
CC1(C)OB(c2cnn3cccnc23)OC1(C)C,245.13355715199998,2,169810115
CCOc1ccc(B2OC(C)(C)C(C)(C)O2)cn1,249.1536239,1,169745934
Cc1cc(B2OC(C)(C)C(C)(C)O2)c(C)n1C,235.17435934399998,1,169936105
Cc1nn(C)c(C)c1B1OC(C)(C)C(C)(C)O1,236.16960831199998,1,169743689
CCc1ncc(B2OC(C)(C)C(C)(C)O2)cn1,234.153958248,1,169968674
Cc1ccc(B2OC(C)(C)C(C)(C)O2)c(F)n1,237.13363740399998,1,169746717
CNCc1ccccc1B1OC(C)(C)C(C)(C)O1,247.17435934399998,1,169904413
Cn1ncc(C2CC2)c1B1OC(C)(C)C(C)(C)O1,248.16960831199998,1,575596700
CC1(C)OB(c2cccc3c2CCO3)OC1(C)C,246.142724868,1,170022975
CNCc1cccc(B2OC(C)(C)C(C)(C)O2)c1,247.174359344,1,170006038
Cc1oncc1B1OC(C)(C)C(C)(C)O1,209.122323772,1,169747281
CCCn1nccc1B1OC(C)(C)C(C)(C)O1,236.16960831199998,1,169747962
Cc1cnc(B2OC(C)(C)C(C)(C)O2)s1,225.099480152,1,169906757
CC1(C)OB(c2ccc3nonc3c2)OC1(C)C,246.11757273999999,2,169743459
CC1(C)COB(c2ccc(C(=O)O)cc2)OC1,234.10633936,1,169807903
COc1ccc(B2OC(C)(C)C(C)(C)O2)cn1,235.13797383600001,1,169745940
CC1(C)OB(c2cn3ccccc3n2)OC1(C)C,244.138308184,2,206110263
COc1ccc(B2OC(C)(C)C(C)(C)O2)cc1N,249.1536239,1,199347031
Cc1cnc(B(OC(C)C)OC(C)C)s1,227.11513021599998,1,208327992
CC1(C)OB(c2ccc(F)cc2C#N)OC1(C)C,247.11798733999998,1,169747396
COc1cccc(B2OCC(C)(C)CO2)c1,220.12707480400002,1,306377861
Cc1ccc(B2OC(C)(C)C(C)(C)O2)cc1O,234.142724868,1,195895956
CC1(C)OB(c2c[nH]nc2C(F)F)OC1(C)C,244.11946455999998,1,953061902
Cc1cccc(B2OCC(C)(C)CO2)c1,204.13216018399999,1,169807403
CC1(C)OB(c2ccc(CCO)cc2)OC1(C)C,248.158374932,1,170025685
CC1(C)OB(c2cc(C#N)ccn2)OC1(C)C,230.12265812,1,169794643
CC1(C)OB(c2ccccc2CN)OC1(C)C,233.15870927999998,1,169810444
CC1(C)OB(c2cnc3c(c2)CCN3)OC1(C)C,246.153958248,1,169988688
CC1(C)OB(c2ccccc2CCN)OC1(C)C,247.17435934399998,1,170005164
Cc1cc(B2OC(C)(C)C(C)(C)O2)ccc1O,234.142724868,1,169993769
CC1(C)OB(c2cnc3[nH]ncc3c2)OC1(C)C,245.133557152,2,169919017
CC1(C)OB(c2ccccc2C#N)OC1(C)C,229.12740915199998,1,169746023
CC1(C)OB(c2cc(O)ccc2F)OC1(C)C,238.11765299200002,1,169951831
Cc1cccc(B2OC(C)(C)C(C)(C)O2)c1O,234.142724868,1,206119224
CC1(C)OB(c2ccc(C#N)c(N)c2)OC1(C)C,244.138308184,1,170006135
CC1(C)OB(c2cccnc2C#N)OC1(C)C,230.12265812,1,169745930
C=CCn1cc(B2OC(C)(C)C(C)(C)O2)cn1,234.153958248,1,169810200
CC1(C)OB(c2cc(F)ncc2F)OC1(C)C,241.108565528,1,169978281
Cc1cc(B2OC(C)(C)C(C)(C)O2)c(C#N)n1C,246.15395824799998,1,169936108
CC1(C)OB(c2ncc(F)cc2N)OC1(C)C,238.128886372,1,170006045
Cc1cc(B2OCC(C)(C)CO2)ccc1F,222.122738372,1,197988079
Cc1ncc(B2OC(C)(C)C(C)(C)O2)[nH]1,208.138308184,1,203613425
Cc1cc(CN)ccc1B1OC(C)(C)C(C)(C)O1,247.17435934399998,1,170003824
CC1(C)OB(c2cnc(C3CC3)o2)OC1(C)C,235.13797383600001,1,307620994
COc1cc(B2OC(C)(C)C(C)(C)O2)cnc1C,249.1536239,1,201903065
CC1(C)OB(c2ccccc2NC=O)OC1(C)C,247.137973836,1,169809906
Cc1cc(B2OC(C)(C)C(C)(C)O2)n(C)n1,222.15395824799998,1,169745774
Cc1cnccc1B1OC(C)(C)C(C)(C)O1,219.143059216,1,169747218
CC1(C)OB(c2cnn3c2CCCC3)OC1(C)C,248.16960831199998,1,169810241
CC1(C)OB(c2cnccc2O)OC1(C)C,221.12232377200002,1,169992964
C[C@@H]1CC(C)(C)OB(c2cccc(C#N)c2)O1,229.12740915199998,1,169808874
C#CCCn1cc(B2OC(C)(C)C(C)(C)O2)cn1,246.153958248,1,226048771
CC1(C)OB(c2cc(F)ccc2O)OC1(C)C,238.117652992,1,169747492
CC1(C)OB(c2cccc(C(N)=O)c2)OC1(C)C,247.137973836,1,169743551
CC1(C)OB(c2ccc(CO)c(N)c2)OC1(C)C,249.15362389999999,1,170015809
CC1(C)OB(c2c(F)cncc2F)OC1(C)C,241.108565528,1,169935346
CNc1cc(B2OC(C)(C)C(C)(C)O2)ccn1,234.153958248,1,198023619
CC1(C)OB(c2ccnc(C(=O)O)c2)OC1(C)C,249.11723839200002,1,169978572
C[C@@H](C#N)n1cc(B2OC(C)(C)C(C)(C)O2)cn1,247.14920721599998,1,217895193
CC1(C)OB(c2ccc(N)c(C#N)c2)OC1(C)C,244.138308184,1,202279675
C[C@@H]1CC(C)(C)OB(c2ccc(C#N)cc2)O1,229.12740915199998,1,169808877
CC1(C)OB(c2ccccc2O)OC1(C)C,220.127074804,1,169743287
CC1(C)OB(c2cccc(NC=O)c2)OC1(C)C,247.13797383600001,1,169809919
CCNc1cccc(B2OC(C)(C)C(C)(C)O2)n1,248.169608312,1,170005389
Cc1cc(B2OC(C)(C)C(C)(C)O2)cc(N)c1O,249.15362389999999,1,170003596
CC1(C)OB(c2cccc(F)c2O)OC1(C)C,238.117652992,1,206118469
CC1(C)OB(c2ccc(C#N)cc2F)OC1(C)C,247.11798734,1,169743572
Cc1cc(C#N)ncc1B1OC(C)(C)C(C)(C)O1,244.13830818399998,1,209744063
CC1(C)OB(c2cccc(C#N)c2N)OC1(C)C,244.13830818399998,1,170008053
Cc1cc(B2OC(C)(C)C(C)(C)O2)c(C)cn1,233.15870927999998,1,205884774
CC1(C)OB(c2cnc3c(c2)CCC3)OC1(C)C,245.15870928,1,217048023
CCc1cncc(B2OC(C)(C)C(C)(C)O2)c1,233.15870928,1,202383751
Cc1ncc(B2OC(C)(C)C(C)(C)O2)cc1F,237.133637404,1,202386602
CC1(C)OB(c2cccc(CCN)c2)OC1(C)C,247.17435934399998,1,201163882
CC1(C)OB(c2cc(C#N)ncc2F)OC1(C)C,248.113236308,1,306926869
CC(=O)c1ccc(B2OCC(C)(C)CO2)cc1,232.12707480400002,1,201436907
Cc1ccc(B2OC(C)(C)C(C)(C)O2)nc1,219.14305921599998,1,169810072
COc1ccc(B2OC(C)(C)C(C)(C)O2)nc1,235.13797383600001,1,169965016
CC1(C)OB(c2ccc(CO)s2)OC1(C)C,240.099145804,1,169748167
CC1(C)OB(c2cccc(C(=N)N)c2)OC1(C)C,246.15395824799998,1,170005428
CC1(C)OB(c2cc(C#N)ccc2F)OC1(C)C,247.11798734,1,200010465
CC1(C)OB(c2cnc(F)c(N)c2)OC1(C)C,238.128886372,1,201904293
Cc1nn(C)cc1B1OC(C)(C)C(C)(C)O1,222.15395824799998,1,169743798
CC1(C)OB(c2ccc(O)c(F)c2)OC1(C)C,238.11765299200002,1,169747305
CC1(C)OB(c2cc(F)ccc2N)OC1(C)C,237.13363740399998,1,169747306
CC1(C)OB(c2cc(F)nc(F)c2)OC1(C)C,241.108565528,1,169905251
CC1(C)OB(c2cscc2C#N)OC1(C)C,235.083830088,1,169904164
CC1(C)OB(c2ccc(N)c(CO)c2)OC1(C)C,249.1536239,1,170007895
Cn1c(B2OCC(C)(C)CO2)cc2ccccc21,243.14305921599998,2,169746107
CC1(C)OB(c2c(N)cccc2F)OC1(C)C,237.133637404,1,261494837
CC1(C)OB(c2ccns2)OC1(C)C,211.08383008799998,1,169809896
CC1(C)OB(c2ccn(C(F)F)n2)OC1(C)C,244.11946456,1,575597545
COc1ccc(B2OC(C)(C)C(C)(C)O2)c(N)c1,249.1536239,1,219214726
C#Cc1cccc(B2OC(C)(C)C(C)(C)O2)c1,228.13216018399999,1,169745971
CC1(C)OB(c2ccncc2)OC1(C)C,205.127409152,1,169743293
Cc1cncc(C)c1B1OC(C)(C)C(C)(C)O1,233.15870928,1,169747077
Cc1cc(B2OC(C)(C)C(C)(C)O2)cc(C#N)n1,244.13830818399998,1,200326642
Cc1cc(F)ncc1B1OC(C)(C)C(C)(C)O1,237.13363740399998,1,169989609
CC1(C)OB(c2ccc3c(c2)OCC3)OC1(C)C,246.142724868,1,169747259
CC1(C)OB(c2ccc(CO)cc2)OC1(C)C,234.142724868,1,CHEMBL4443690
CC1(C)OB(c2ccc(CO)cc2)OC1(C)C,234.142724868,1,169745841
CC1(C)OB(c2cc(F)cnc2O)OC1(C)C,239.11290196,1,170006859
CC(=O)c1cc(B2OC(C)(C)C(C)(C)O2)ccn1,247.13797383600001,1,169905592
CC1(C)OB(c2ccc3[nH]cnc3c2)OC1(C)C,244.138308184,2,169743466
CCOc1cncc(B2OC(C)(C)C(C)(C)O2)c1,249.15362389999999,1,169748077
COc1ccc(B2OCC(C)(C)CO2)cc1,220.12707480400002,1,169806805
CC1(C)OB(c2cc(N)ccc2C#N)OC1(C)C,244.138308184,1,170008326
CC1(C)OB(c2ccc(C(=O)O)[nH]2)OC1(C)C,237.117238392,1,170010690
Cc1nc(B2OC(C)(C)C(C)(C)O2)ccc1N,234.153958248,1,170006019
FC(F)(F)c1cccc(B2OCCCO2)c1,230.07259462,1,1875251742
CC1(C)OB(c2cnc(F)c(F)c2)OC1(C)C,241.108565528,1,169964887
CC1(C)OB(c2cnn(CC3CC3)c2)OC1(C)C,248.16960831199998,1,169745739
CC1(C)OB(c2cnn3ncccc23)OC1(C)C,245.133557152,2,299805333
CC1(C)OB(c2cnn(CCC#N)c2)OC1(C)C,247.14920721599998,1,169745741
CC1(C)OB(c2cccc(O)c2F)OC1(C)C,238.117652992,1,206118718
Cc1cc(O)ccc1B1OC(C)(C)C(C)(C)O1,234.14272486800002,1,170019617
CC1(C)OB(c2cnc(N)c(F)c2)OC1(C)C,238.12888637199998,1,169747640
COc1ncc(B2OC(C)(C)C(C)(C)O2)s1,241.094394772,1,169811258
CC1(C)OB(c2cc(C(=O)O)co2)OC1(C)C,238.10125398,1,169904195
Cc1ncc(B2OC(C)(C)C(C)(C)O2)cc1N,234.153958248,1,201902771
COc1cccc(C#N)c1B1OCC(C)(C)CO1,245.122323772,1,169794552
CC1(C)OB(c2cnc3c(c2)OCO3)OC1(C)C,249.11723839200002,1,253406317
Cc1nccc(B2OC(C)(C)C(C)(C)O2)c1F,237.133637404,1,202367465
CC1(C)OB(c2ccc3cn[nH]c3c2)OC1(C)C,244.138308184,2,169745263
COc1ccccc1B1OCC(C)(C)CO1,220.12707480400002,1,169806807
CC1(C)OB(c2cccc3nc[nH]c23)OC1(C)C,244.138308184,2,170005676
Cc1cncc(B2OC(C)(C)C(C)(C)O2)c1C,233.15870928,1,306507102
CC1(C)OB(c2cccc(C#N)c2O)OC1(C)C,245.122323772,1,206121717
CC1(C)OB(c2ccc(N)c(O)c2)OC1(C)C,235.13797383600001,1,203549211
COc1ccccc1B1O[C@H](C)CC(C)(C)O1,234.14272486800002,1,169806789
CC1(C)OB(c2[nH]ncc2C2CC2)OC1(C)C,234.15395824799998,1,306973865
CC1(C)OB(c2ccc(F)nc2)OC1(C)C,223.11798733999998,1,169856340
CC1(C)OB(c2ccc3nncn3c2)OC1(C)C,245.133557152,2,222939068
CC1(C)OB(c2ccnc(Cl)n2)OC1(C)C,240.083685768,1,169858419
Cc1cc(B2OC(C)(C)C(C)(C)O2)ccc1N,233.15870927999998,1,196947336
CNc1ccc(B2OC(C)(C)C(C)(C)O2)cn1,234.153958248,1,169809941
CC1(C)OB(c2cccc(CCO)c2)OC1(C)C,248.158374932,1,169984287
CC1(C)OB(c2cncnc2C2CC2)OC1(C)C,246.15395824799998,1,169968825
CCc1cnccc1B1OC(C)(C)C(C)(C)O1,233.15870928,1,198023788
CC1(C)OB(c2ccc(C#N)o2)OC1(C)C,219.10667370800002,1,169794688
CC1(C)OB(c2cccc(C#N)c2)OC1(C)C,229.12740915199998,1,169743513
CC1(C)OB(c2ccc(O)c(C#N)c2)OC1(C)C,245.12232377200002,1,169746777
CCn1cc(B2OC(C)(C)C(C)(C)O2)c(C)n1,236.169608312,1,211226460
CC1(C)OB(c2cccc(F)c2C#N)OC1(C)C,247.11798733999998,1,169904244
CC1(C)OB(c2ccc(CCN)cc2)OC1(C)C,247.17435934399998,1,204289272
CN(C)c1cc(B2OC(C)(C)C(C)(C)O2)ccn1,248.169608312,1,198088693
CC1(C)OB(c2cnn3ccccc23)OC1(C)C,244.13830818399998,2,169747776
CNc1ncc(B2OC(C)(C)C(C)(C)O2)cc1C,248.16960831199998,1,169747188
CC(C)c1n[nH]cc1B1OC(C)(C)C(C)(C)O1,236.16960831199998,1,170004994
CC1(C)OB(c2cccc(F)n2)OC1(C)C,223.11798733999998,1,169744872
Cn1c(B2OC(C)(C)C(C)(C)O2)cnc1Cl,242.099335832,1,CHEMBL3236901
Cn1c(B2OC(C)(C)C(C)(C)O2)cnc1Cl,242.099335832,1,169810458
COc1ncc(B2OC(C)(C)C(C)(C)O2)cc1C,249.15362389999999,1,169748098
COc1cc(B2OC(C)(C)C(C)(C)O2)ccn1,235.13797383600001,1,169747165
CC1(C)OB(c2cccn3ccnc23)OC1(C)C,244.138308184,2,231128211
COB(OC)c1cccc2cccnc12,201.096109024,2,169879587
Cn1cccc1B1OC(C)(C)C(C)(C)O1,207.143059216,1,169743543
CC1(C)OB(c2ccc(C(=O)O)cc2)OC1(C)C,248.121989424,1,169743286
CC1(C)OB(c2ccnn2CC2CC2)OC1(C)C,248.16960831199998,1,169955677
CC1(C)OB(c2cccc3cn[nH]c23)OC1(C)C,244.13830818399998,2,169746817
Cc1c(N)cccc1B1OC(C)(C)C(C)(C)O1,233.15870928,1,169743558
C[C@H]1CC(C)(C)OB(c2cccc(C#N)c2)O1,229.12740915199998,1,169808875
CCc1cc(B2OC(C)(C)C(C)(C)O2)n(C)n1,236.16960831199998,1,306672135
Cc1cc(B2OC(C)(C)C(C)(C)O2)ccn1,219.14305921599998,1,169743653
CC1(C)COB(c2ccncc2Cl)OC1,225.072786736,1,169794692
Cc1ccc(B2OC(C)(C)C(C)(C)O2)c(O)c1,234.142724868,1,169807413
COc1cc(C)c(B2OC(C)(C)C(C)(C)O2)cn1,249.1536239,1,169984230
Cc1ncc(N)cc1B1OC(C)(C)C(C)(C)O1,234.15395824799998,1,222095491
COc1nccc(C)c1B1OC(C)(C)C(C)(C)O1,249.15362389999999,1,204966947
CC1(C)OB(c2ccc(CN)cc2)OC1(C)C,233.15870928,1,169745748
CC1(C)OB(c2sccc2C#N)OC1(C)C,235.083830088,1,169996769
CCc1ccc(B2OC(C)(C)C(C)(C)O2)cn1,233.15870927999998,1,169968373
Cc1cc(B2OC(C)(C)C(C)(C)O2)cnc1C,233.15870927999998,1,169935524
CC1(C)OB(c2cccnc2)OC1(C)C,205.127409152,1,169743299
Cc1cc(CO)cc(B2OC(C)(C)C(C)(C)O2)c1,248.15837493200002,1,224682026
CC1(C)OB(c2cccc(C(=O)O)c2)OC1(C)C,248.121989424,1,CHEMBL573441
CC1(C)OB(c2cccc(C(=O)O)c2)OC1(C)C,248.121989424,1,169743297
C[C@H]1CC(C)(C)OB(c2ccccc2)O1,204.13216018399999,1,169807816
CC1(C)OB(c2csc(C#N)c2)OC1(C)C,235.083830088,1,206187499
CC1(C)OB(c2ccc(C#N)cn2)OC1(C)C,230.12265812,1,169746175
CC(C)n1nccc1B1OCC(C)(C)CO1,222.15395824799998,1,169794314
CC1(C)OB(c2cccc(F)c2N)OC1(C)C,237.13363740399998,1,203674007
CC1(C)OB(c2c[nH]nc2Cl)OC1(C)C,228.08368576799998,1,953001978
CC1(C)OB(c2ccc(F)c(C#N)c2)OC1(C)C,247.11798733999998,1,169743571
C#Cc1ccc(B2OC(C)(C)C(C)(C)O2)cc1,228.13216018399999,1,169745972
CC1(C)OB(c2cnccc2F)OC1(C)C,223.11798734,1,169988937
Cc1cc(B2OC(C)(C)C(C)(C)O2)cnc1C#N,244.13830818399998,1,169746353
Cc1cn[nH]c1B1OC(C)(C)C(C)(C)O1,208.13830818399998,1,206064176
CC1(C)OB(c2c[nH]nc2C2CC2)OC1(C)C,234.15395824799998,1,170004972
CC1(C)OB(c2cnn(C3CCC3)c2)OC1(C)C,248.16960831199998,1,169745687
CC1(C)OB(c2cccc3c2OCO3)OC1(C)C,248.121989424,1,169936795
Cc1cnc(C#N)c(B2OC(C)(C)C(C)(C)O2)c1,244.13830818399998,1,253496211
CCNc1ccc(B2OC(C)(C)C(C)(C)O2)cn1,248.169608312,1,202381917
CC1(C)OB(c2cccc3[nH]ncc23)OC1(C)C,244.138308184,2,169745773
CC1(C)OB(c2sccc2CO)OC1(C)C,240.09914580400002,1,169969413
CC1(C)OB(c2ccc(O)cc2F)OC1(C)C,238.11765299200002,1,169746660
CC1(C)OB(c2cnc(C#N)s2)OC1(C)C,236.079079056,1,203613691
CC1(C)OB(c2ccc(Cl)nn2)OC1(C)C,240.08368576799998,1,169858390
CC1(C)OB(c2ccc(F)o2)OC1(C)C,212.102002928,1,616582345
CC1(C)OB(c2cnc(C3CC3)nc2)OC1(C)C,246.153958248,1,169747257
CC1(C)OB(c2cnc3ccccn23)OC1(C)C,244.138308184,2,169983992
FC(F)(F)c1ccc(B2OCCCO2)cc1,230.07259462,1,195848414
Cc1cc(N)cc(B2OC(C)(C)C(C)(C)O2)c1,233.15870928,1,203813692
CC1(C)COB(c2ccc(O)cc2)OC1,206.11142474,1,169807759
COc1ccc(B2O[C@@H](C)CC(C)(C)O2)cc1,234.14272486800002,1,169807891
COc1ccc(B2OCC(C)(C)CO2)cc1C#N,245.12232377200002,1,169794706
CC1(C)OB(c2cnn(C(F)F)c2)OC1(C)C,244.11946455999998,1,169746705
CC1(C)OB(c2ncccc2F)OC1(C)C,223.11798734,1,169858380
COc1cnccc1B1OC(C)(C)C(C)(C)O1,235.137973836,1,170162727
CC1(C)OB(c2cnc(N)cc2F)OC1(C)C,238.12888637199998,1,202722331
COc1cc(N)ccc1B1OC(C)(C)C(C)(C)O1,249.15362389999999,1,170003274
CCn1ccc(B2OC(C)(C)C(C)(C)O2)n1,222.153958248,1,201543181
COc1nscc1B1OC(C)(C)C(C)(C)O1,241.094394772,1,711831346
CC1(C)OB(c2cncs2)OC1(C)C,211.08383008799998,1,CHEMBL3236903
CC1(C)OB(c2cncs2)OC1(C)C,211.08383008799998,1,169809956
CC1(C)OB(c2cc(C#N)ccc2N)OC1(C)C,244.138308184,1,205775648
Cc1cc(B2OC(C)(C)C(C)(C)O2)[nH]n1,208.13830818399998,1,169991132
COc1ccnc(B2OC(C)(C)C(C)(C)O2)c1,235.137973836,1,169935359
Cc1cc(B2OC(C)(C)C(C)(C)O2)cnc1F,237.13363740399998,1,169748012
Cc1cccc(B2OC(C)(C)C(C)(C)O2)c1N,233.15870927999998,1,170007111
CC1(C)OB(c2ccc(N)cc2F)OC1(C)C,237.133637404,1,169743554
C=CCCn1cc(B2OC(C)(C)C(C)(C)O2)cn1,248.169608312,1,585142766
CC1(C)OB(c2cc(F)ccc2C#N)OC1(C)C,247.11798733999998,1,169747319
Cc1nc(N)ccc1B1OC(C)(C)C(C)(C)O1,234.15395824799998,1,169746345
Cc1cnsc1B1OC(C)(C)C(C)(C)O1,225.09948015199998,1,1857786444
CC1(C)OB(c2ccsc2C#N)OC1(C)C,235.083830088,1,169955738
CC1(C)OB(c2cccc(CN)c2)OC1(C)C,233.15870927999998,1,169747222
Cn1ncc(B2OC(C)(C)C(C)(C)O2)c1Cl,242.09933583199998,1,575596856
CC1(C)OB(c2cnc(N)s2)OC1(C)C,226.09472912,1,169968642
CC1(C)OB(c2ccc3nccn3c2)OC1(C)C,244.138308184,2,169747628
COc1ccncc1B1OC(C)(C)C(C)(C)O1,235.137973836,1,169746827
CC1(C)OB(c2ccnn2C2CC2)OC1(C)C,234.15395824799998,1,206064276
Cc1ccc(B2OCC(C)(C)CO2)cc1,204.13216018399999,1,169807813
CCn1cc(B2OC(C)(C)C(C)(C)O2)ccc1=O,249.1536239,1,203589810
CC(C)c1ncc(B2OC(C)(C)C(C)(C)O2)cn1,248.169608312,1,198099681
COc1ncccc1B1OC(C)(C)C(C)(C)O1,235.137973836,1,169745938
CC1(C)OB(c2ccsc2CO)OC1(C)C,240.09914580400002,1,170023605
Cc1ccc(CO)cc1B1OC(C)(C)C(C)(C)O1,248.158374932,1,170031262
Cc1cc(B2OC(C)(C)C(C)(C)O2)ccc1CO,248.158374932,1,204598872
COc1cc(B2OC(C)(C)C(C)(C)O2)ccc1N,249.1536239,1,169794292
Cc1cc(N)cnc1B1OC(C)(C)C(C)(C)O1,234.15395824799998,1,170006015
COc1cccc(B2OC(C)(C)C(C)(C)O2)n1,235.13797383600001,1,169745941
CNc1ncc(B2OC(C)(C)C(C)(C)O2)cc1N,249.16485727999998,1,170003950
COc1cc(B2OC(C)(C)C(C)(C)O2)cc(C)n1,249.1536239,1,169904502
CC1(C)OB(c2cccc3c2NCC3)OC1(C)C,245.15870927999998,1,170005761
COc1ccc(B2OC(C)(C)C(C)(C)O2)c(C)n1,249.1536239,1,169747194
CCc1ccncc1B1OC(C)(C)C(C)(C)O1,233.15870928,1,206115495
COc1cc(N)cc(B2OC(C)(C)C(C)(C)O2)c1,249.15362389999999,1,224316471
CC1(C)OB(c2cc(C3CC3)no2)OC1(C)C,235.137973836,1,575596970
CC1(C)OB(c2cccc(N)c2F)OC1(C)C,237.133637404,1,199952683
CCCCN1CCOB(c2ccccc2)OCC1,247.174359344,1,170161401
CCn1ncc(B2OC(C)(C)C(C)(C)O2)c1F,240.14453643599998,1,216649629
CC(C)n1cc(B2OC(C)(C)C(C)(C)O2)cn1,236.169608312,1,169743602
Cc1cc(N)ncc1B1OC(C)(C)C(C)(C)O1,234.15395824799998,1,169969120
CC1(C)OB(c2ccc(O)cc2C#N)OC1(C)C,245.12232377200002,1,202563374
CC1(C)OB(c2ccc(NC=O)cc2)OC1(C)C,247.13797383600001,1,169809921
CC1(C)OB(c2cnn(C3CC3)c2)OC1(C)C,234.15395824799998,1,169745666
Cc1nocc1B1OC(C)(C)C(C)(C)O1,209.122323772,1,222901135
CC1(C)OB(c2ccc(N)c(F)c2)OC1(C)C,237.133637404,1,169743555
Cc1ncsc1B1OC(C)(C)C(C)(C)O1,225.09948015199998,1,203613906
CC1(C)OB(c2cnc(C#N)c(F)c2)OC1(C)C,248.113236308,1,169747380
Cc1ccnc(B2OC(C)(C)C(C)(C)O2)c1N,234.153958248,1,170008073
Cc1c(CO)cccc1B1OC(C)(C)C(C)(C)O1,248.158374932,1,169747405
CC1(C)OB(c2cccc3nonc23)OC1(C)C,246.11757274,2,206179288
CC1(C)OB(c2ccc(F)c(N)c2)OC1(C)C,237.13363740399998,1,169746176
CC1(C)OB(c2ccc(F)c(O)c2)OC1(C)C,238.117652992,1,169997125
Cn1nc(C2CC2)cc1B1OC(C)(C)C(C)(C)O1,248.16960831199998,1,306693439
CC1(C)OB(c2n[nH]c3ccccc23)OC1(C)C,244.13830818399998,2,169978320
CC1(C)OB(c2cccc(N)c2)OC1(C)C,219.143059216,1,169743298
Cc1coc(B2OC(C)(C)C(C)(C)O2)c1,208.12707480400002,1,198093619
CC1(C)OB(c2ccc3[nH]nnc3c2)OC1(C)C,245.133557152,2,169902922
CC1(C)OB(c2cc(C#N)cs2)OC1(C)C,235.083830088,1,169747466
Cc1ncc(B2OC(C)(C)C(C)(C)O2)s1,225.099480152,1,169748224
CCOc1cc(B2OC(C)(C)C(C)(C)O2)ccn1,249.1536239,1,169968958
Cc1cc(B2OC(C)(C)C(C)(C)O2)cnc1N,234.15395824799998,1,169747195
CC1(C)OB(c2ccccc2N)OC1(C)C,219.14305921599998,1,169743296
CC1(C)OB(c2ccnc(F)c2F)OC1(C)C,241.108565528,1,203634214
CC1(C)OB(c2ccn3ccnc3c2)OC1(C)C,244.138308184,2,169810101
COc1cccc(B2OC(C)(C)C(C)(C)O2)c1,234.14272486800002,1,169807764
Cc1ccc(O)cc1B1OC(C)(C)C(C)(C)O1,234.14272486800002,1,206123675
CC1(C)COB(c2ccc(C#N)cc2)OC1,215.11175908799999,1,169903890
CC1(C)OB(c2csc(CO)c2)OC1(C)C,240.09914580400002,1,169746685
CC1(C)OB(c2ccc(F)cc2O)OC1(C)C,238.117652992,1,206118220
CC1(C)OB(c2cncc(O)c2)OC1(C)C,221.122323772,1,169746126
CC1(C)COB(c2ccc(F)cc2)OC1,208.107088308,1,169806910
COc1ccccc1B1OC(C)(C)C(C)(C)O1,234.14272486800002,1,169747223
Cn1cc(B2OC(C)(C)C(C)(C)O2)cc1C#N,232.138308184,1,307430455
CCCn1nccc1B1OCC(C)(C)CO1,222.15395824799998,1,169794317
CC1(C)OB(c2ccc3nccn3n2)OC1(C)C,245.133557152,2,217985733
CC1(C)COB(c2ccc(O)c(Cl)c2)OC1,240.072452388,1,169807998
CC1(C)OB(c2ccn(C3CC3)n2)OC1(C)C,234.153958248,1,307654906
CNCc1cc(B2OC(C)(C)C(C)(C)O2)co1,237.1536239,1,1535538962
CC1(C)OB(c2cnc3nccn3c2)OC1(C)C,245.13355715199998,2,200975551
Cc1c(O)cccc1B1OC(C)(C)C(C)(C)O1,234.14272486800002,1,196511304
CCc1ncccc1B1OC(C)(C)C(C)(C)O1,233.15870928,1,206115454
Cc1ncc(B2OC(C)(C)C(C)(C)O2)cc1O,235.13797383600001,1,306553413
COc1cnc(C)c(B2OC(C)(C)C(C)(C)O2)c1,249.15362389999999,1,306275762
CC1(C)OB(c2ccc3c(c2)CNC3)OC1(C)C,245.15870927999998,1,196418169
CNc1ncc(B2OC(C)(C)C(C)(C)O2)s1,240.11037918399998,1,206115638
CN(C)c1cncc(B2OC(C)(C)C(C)(C)O2)c1,248.16960831199998,1,169794682
CC1(C)OB(c2cnn(CF)c2)OC1(C)C,226.12888637199998,1,306899621
CC1(C)COB(c2ccc(O)cc2Cl)OC1,240.072452388,1,169808000
CC1(C)OB(c2cc3n(n2)CCCC3)OC1(C)C,248.16960831199998,1,307288090
Cc1ccnc(C)c1B1OC(C)(C)C(C)(C)O1,233.15870928,1,204587061
CC1(C)OB(c2ccnc3[nH]ncc23)OC1(C)C,245.133557152,2,206110725
Cc1cc(F)c(B2OC(C)(C)C(C)(C)O2)cn1,237.13363740399998,1,306992100
CC1(C)OB(c2ccn(CCF)n2)OC1(C)C,240.144536436,1,1857794662
CC1(C)OB(c2cccc3nccn23)OC1(C)C,244.138308184,2,228595552
Cc1ncncc1B1OC(C)(C)C(C)(C)O1,220.13830818399998,1,203614345
Cc1cc(CO)ccc1B1OC(C)(C)C(C)(C)O1,248.158374932,1,306265627
c1ccc(B2O[C@H]3CCCC[C@@H]3O2)cc1,202.11651012,1,195755682
Cc1cc(C#N)cnc1B1OC(C)(C)C(C)(C)O1,244.13830818399998,1,169969238
CC1(C)OB(c2cncc3n[nH]cc23)OC1(C)C,245.133557152,2,606303335
Cc1cncc(B2OC(C)(C)C(C)(C)O2)n1,220.138308184,1,169743876
c1ccc(B2O[C@@H]3CCCC[C@H]3O2)cc1,202.11651012,1,195793300
CC1(C)OB(c2ccc3cncn3c2)OC1(C)C,244.138308184,2,514251812
CC1(C)OB(c2ncccc2C#N)OC1(C)C,230.12265812,1,169858430
CCCn1ccc(B2OC(C)(C)C(C)(C)O2)n1,236.169608312,1,169956581
Cc1cccc(N)c1B1OC(C)(C)C(C)(C)O1,233.15870928,1,196569505
Cn1ccc2cc(B3OCC(C)(C)CO3)ccc21,243.143059216,2,169810306
CC1(C)OB(c2cncc3cc[nH]c23)OC1(C)C,244.138308184,2,206023112
Cc1cc(B2OC(C)(C)C(C)(C)O2)no1,209.122323772,1,238527137
CCOc1ccncc1B1OC(C)(C)C(C)(C)O1,249.15362389999999,1,170028102
Cc1cccc(B2OC(C)(C)C(C)(C)O2)n1,219.14305921599998,1,169858387
Cc1cc(F)ccc1B1OCC(C)(C)CO1,222.122738372,1,307180740
CC1(C)OB(c2cc(O)cc(C#N)c2)OC1(C)C,245.12232377200002,1,200805081
COc1nc(C)ccc1B1OC(C)(C)C(C)(C)O1,249.15362389999999,1,196874937
Cc1cc(C)c(B2OC(C)(C)C(C)(C)O2)cn1,233.15870927999998,1,224681959
CC1(C)OB(c2cc(C3CC3)n[nH]2)OC1(C)C,234.15395824799998,1,206063896
Cc1cc(B2OC(C)(C)C(C)(C)O2)cc(=O)o1,236.121989424,1,201461114
FC(F)(F)c1ccccc1B1OCCCO1,230.07259462,1,1875251750
Cc1nc(B2OC(C)(C)C(C)(C)O2)ccc1F,237.133637404,1,196237699
CN(C)c1ccncc1B1OC(C)(C)C(C)(C)O1,248.16960831199998,1,206103428
CCc1cc(B2OC(C)(C)C(C)(C)O2)on1,223.137973836,1,536953859
CC1(C)OB(c2cccc3ncnn23)OC1(C)C,245.133557152,2,206107455
c1ccc(B2OCCO2)c(CN2CCCC2)c1,231.143059216,1,195760881
CC1(C)OB(c2cccn3ncnc23)OC1(C)C,245.133557152,2,203572069
CNc1nc(B2OC(C)(C)C(C)(C)O2)cs1,240.11037918399998,1,206115599
Cc1nc(B2OC(C)(C)C(C)(C)O2)cs1,225.099480152,1,198093293
CC1(C)OB(c2cc(F)ncc2O)OC1(C)C,239.11290196000002,1,307320281
CC1(C)OB(c2ccnc(N)c2F)OC1(C)C,238.128886372,1,198445706
Cc1cnc(N)c(B2OC(C)(C)C(C)(C)O2)c1,234.15395824799998,1,307510307
c1ccc(B2O[C@H]3CCCC[C@H]3O2)cc1,202.11651012,1,195755683
CC(C)(C)COB(O)c1ccccc1C#N,217.127409152,1,198775842
CC1(C)OB(c2cc(N)ncc2F)OC1(C)C,238.12888637199998,1,307611721
CCOc1cccc(B2OC(C)(C)C(C)(C)O2)c1,248.15837493200002,1,211229403
CC(=O)c1ccc(B2OC(C)(C)C(C)(C)O2)cc1,246.14272486800002,1,169743549
Cc1ccc(C#N)c(B2OC(C)(C)C(C)(C)O2)c1,243.143059216,1,169996774
COc1ccc(C)c(B2OC(C)(C)C(C)(C)O2)c1,248.15837493200002,1,211930808
Cc1ccc(B2OC(C)(C)C(C)(C)O2)cc1F,236.13838843599999,1,169747493
CC(=O)c1cccc(B2OC(C)(C)C(C)(C)O2)c1,246.14272486800002,1,169794289
CC1(C)OB(c2cc(F)cs2)OC1(C)C,228.079159308,1,205227513
CC1(C)OB(c2cccnc2Cl)OC1(C)C,239.0884368,1,169743476
CC1(C)OB(c2ccc3nocc3c2)OC1(C)C,245.122323772,2,206179179
CC1(C)OB(c2cnc(Cl)s2)OC1(C)C,245.044857736,1,195980859
CC1(C)OB(c2cccc(F)c2F)OC1(C)C,240.11331656,1,199594018
CC1(C)OB(c2cccc3[nH]ccc23)OC1(C)C,243.143059216,2,169744842
CC1(C)OB(c2cccc3c2CCC3)OC1(C)C,244.16346031199998,1,205347610
CCc1ccc(O)cc1B1OC(C)(C)C(C)(C)O1,248.158374932,1,206119475
Cc1ccc(B2OC(C)(C)C(C)(C)O2)cc1C#N,243.14305921599998,1,169794716
CCc1cc(O)ccc1B1OC(C)(C)C(C)(C)O1,248.158374932,1,170024069
Cc1ccccc1B1O[C@@H](C)CC(C)(C)O1,218.14781024799998,1,169807393
Cc1cc(O)cc(C)c1B1OC(C)(C)C(C)(C)O1,248.158374932,1,169993760
COc1cc(C)cc(B2OC(C)(C)C(C)(C)O2)c1,248.15837493200002,1,196004002
CC1(C)COB(c2cncc3ccccc23)OC1,241.127409152,2,169743685
CC1(C)OB(c2cc(F)ccc2F)OC1(C)C,240.11331656,1,169747275
Cc1c(F)cccc1B1OC(C)(C)C(C)(C)O1,236.13838843599999,1,211405555
Cc1cc(B2OC(C)(C)C(C)(C)O2)cc(C)c1O,248.158374932,1,169743294
Cc1c(C#N)cccc1B1OC(C)(C)C(C)(C)O1,243.14305921599998,1,170022848
C[C@@H](N)c1ccccc1B1OC(C)(C)C(C)(C)O1,247.17435934399998,1,170008256
CC1(C)OB(c2ccsc2)OC1(C)C,210.08858112000001,1,169747437
CC1(C)OB(c2ccc3c(c2)COC3)OC1(C)C,246.142724868,1,211234518
CNc1ccccc1B1OC(C)(C)C(C)(C)O1,233.15870928,1,170003113
Cc1cscc1B1OC(C)(C)C(C)(C)O1,224.104231184,1,169747215
C[C@H](O)c1ccc(B2OC(C)(C)C(C)(C)O2)cc1,248.15837493200002,1,169806778
C[C@H]1CC(C)(C)OB(c2ccc(F)cc2)O1,222.122738372,1,169807967
Cc1ccccc1B1OC(C)(C)C(C)(C)O1,218.14781024799998,1,169747597
CC1(C)OB(c2ccc(F)cc2F)OC1(C)C,240.11331656,1,169746975
Cc1cccc(F)c1B1OC(C)(C)C(C)(C)O1,236.13838843599999,1,228693840
CC1(C)OB(c2cc(F)cc(F)c2)OC1(C)C,240.11331656,1,169748023
Cc1ccc(B2OC(C)(C)C(C)(C)O2)c(F)c1,236.13838843599999,1,169747253
CN(C)c1cccc(B2OC(C)(C)C(C)(C)O2)c1,247.174359344,1,169743588
CC1(C)OB(c2cnccc2Cl)OC1(C)C,239.0884368,1,169745952
CNc1ccc(B2OC(C)(C)C(C)(C)O2)cc1,233.15870928,1,169743608
CC1(C)OB(c2ccc(F)s2)OC1(C)C,228.079159308,1,198312085
CC1(C)OB(c2ccc(CC#N)cc2)OC1(C)C,243.14305921599998,1,169743574
Cc1cc(B2OC(C)(C)C(C)(C)O2)ccc1F,236.13838843599999,1,169747494
CC1(C)OB(c2c[nH]c3ccccc23)OC1(C)C,243.143059216,2,169912705
CC1(C)OB(c2ccc(CF)cc2)OC1(C)C,236.13838843599999,1,204323015
CC(=O)c1ccccc1B1OC(C)(C)C(C)(C)O1,246.142724868,1,195833710
Cc1cccc(B2OC(C)(C)C(C)(C)O2)c1C#N,243.14305921599998,1,169981204
CC1(C)OB(c2ccc3[nH]ccc3c2)OC1(C)C,243.143059216,2,169743329
CC1(C)OB(c2ccc(Cl)cn2)OC1(C)C,239.08843679999998,1,169748080
Cc1cc(F)cc(B2OC(C)(C)C(C)(C)O2)c1,236.13838843599999,1,206246418
CC1(C)OB(c2ccnc(Cl)c2)OC1(C)C,239.0884368,1,169743661
Cc1cc(B2OC(C)(C)C(C)(C)O2)cc(C)c1N,247.17435934399998,1,169746199
Cc1cccc(B2O[C@@H](C)CC(C)(C)O2)c1,218.14781024799998,1,169807753
C=CCc1cncc(B2OC(C)(C)C(C)(C)O2)c1,245.15870928,1,196261618
Cc1c(N)ccc(B2OC(C)(C)C(C)(C)O2)c1C,247.174359344,1,170006245
Cc1cc(C#N)ccc1B1OC(C)(C)C(C)(C)O1,243.14305921599998,1,169956141
COCc1cccc(B2OC(C)(C)C(C)(C)O2)c1,248.15837493200002,1,169794674
CCc1ncsc1B1OC(C)(C)C(C)(C)O1,239.11513021599998,1,203613912
CC#Cc1ccccc1B1OC(C)(C)C(C)(C)O1,242.14781024799998,1,1857784433
Cc1csc(B2OC(C)(C)C(C)(C)O2)c1,224.104231184,1,169748096
Cc1ccc(B2OC(C)(C)C(C)(C)O2)s1,224.10423118399999,1,169744856
C[C@H](N)c1ccc(B2OC(C)(C)C(C)(C)O2)cc1,247.174359344,1,219031699
CC1(C)OB(c2ccncc2Cl)OC1(C)C,239.0884368,1,169745948
C[C@@H]1CC(C)(C)OB(c2ccc(F)cc2)O1,222.122738372,1,169807966
CC1(C)OB(c2cncc(C3CC3)c2)OC1(C)C,245.15870928,1,169968978
CC1(C)OB(c2ccc3ncoc3c2)OC1(C)C,245.12232377200002,2,204956676
CC1(C)OB(c2cccc3cc[nH]c23)OC1(C)C,243.14305921599998,2,169747373
CC1(C)OB(c2ccc3oncc3c2)OC1(C)C,245.12232377200002,2,196661629
CN(C)c1ccccc1B1OC(C)(C)C(C)(C)O1,247.17435934399998,1,169839537
CC1(C)OB(c2cccc(Cl)n2)OC1(C)C,239.08843679999998,1,169745929
CC1(C)OB(c2ccc(F)c(F)c2)OC1(C)C,240.11331656,1,169978473
CCc1ccc(B2OC(C)(C)C(C)(C)O2)o1,222.142724868,1,198093761
CC(C)(C)c1ccc(B2OCCCO2)cc1,218.14781024799998,1,1875251732
CC1(C)OB(c2ccccc2F)OC1(C)C,222.122738372,1,169794517
Cc1ccc(F)c(B2OC(C)(C)C(C)(C)O2)c1,236.13838843599999,1,199595232
Cc1cc(C)c(B2OC(C)(C)C(C)(C)O2)cc1N,247.17435934399998,1,170008104
CNc1cccc(B2OC(C)(C)C(C)(C)O2)c1,233.15870928,1,170004858
CC1(C)OB(c2cccc(F)c2)OC1(C)C,222.122738372,1,169965019
CC(=O)c1ccc(B2O[C@@H](C)CC(C)(C)O2)cc1,246.14272486800002,1,169806782
CC(C)n1ccc(B2OC(C)(C)C(C)(C)O2)c1,235.174359344,1,169983680
Cc1ccc(B2O[C@@H](C)CC(C)(C)O2)cc1,218.14781024799998,1,169807397
Cc1cccc(C#N)c1B1OC(C)(C)C(C)(C)O1,243.14305921599998,1,169981201
COc1cc(B2OC(C)(C)C(C)(C)O2)ccc1C,248.15837493200002,1,170008647
CC1(C)OB(c2ccc(Cl)nc2)OC1(C)C,239.08843679999998,1,169743816
CCOc1ccc(B2OC(C)(C)C(C)(C)O2)cc1,248.15837493200002,1,169956810
Cc1cc(B2OC(C)(C)C(C)(C)O2)cs1,224.10423118399999,1,169986492
Cc1ccc(B2OC(C)(C)C(C)(C)O2)c(C#N)c1,243.14305921599998,1,170016180
COc1ccc(B2OC(C)(C)C(C)(C)O2)c(C)c1,248.15837493200002,1,196603521
COc1ccc(B2OC(C)(C)C(C)(C)O2)cc1C,248.15837493200002,1,196753932
CC1(C)OB(c2ccc3cc[nH]c3c2)OC1(C)C,243.14305921599998,2,169747550
CNc1ccc(C)c(B2OC(C)(C)C(C)(C)O2)c1,247.174359344,1,170004897
CCc1cc(B2OC(C)(C)C(C)(C)O2)ccc1O,248.158374932,1,170011674
Cc1cc(C#N)cc(B2OC(C)(C)C(C)(C)O2)c1,243.143059216,1,169745696
Cc1ccc(C#N)cc1B1OC(C)(C)C(C)(C)O1,243.14305921599998,1,169748165
Cc1ccccc1B1O[C@H](C)CC(C)(C)O1,218.14781024799998,1,169807395
CC1(C)OB(c2cc3ccccc3[nH]2)OC1(C)C,243.14305921599998,2,169743884
CC1(C)COB(c2ccccc2Cl)OC1,224.07753776799998,1,195990729
CC1(C)OB(c2ccc(F)cc2)OC1(C)C,222.122738372,1,169747749
CC1(C)OB(c2ccccc2CC#N)OC1(C)C,243.14305921599998,1,169747238
CC1(C)OB(c2ccc(C3CC3)nc2)OC1(C)C,245.15870927999998,1,169747506
Cc1c(O)ccc(B2OC(C)(C)C(C)(C)O2)c1C,248.15837493200002,1,169993765
Cc1sccc1B1OC(C)(C)C(C)(C)O1,224.104231184,1,169747963
C[C@H](N)c1ccccc1B1OC(C)(C)C(C)(C)O1,247.17435934399998,1,170008260
Cc1cccc(B2OC(C)(C)C(C)(C)O2)c1,218.14781024799998,1,169745014
CC1(C)OB(c2cccs2)OC1(C)C,210.08858112000001,1,169744933
CC1(C)OB(c2cccc3ocnc23)OC1(C)C,245.122323772,2,203568933
CC1(C)OB(c2cncc(Cl)c2)OC1(C)C,239.0884368,1,169745949
CN(C)c1ccc(B2OC(C)(C)C(C)(C)O2)cc1,247.174359344,1,169743589
CC1(C)COB(c2ccc(Cl)cc2)OC1,224.07753776799998,1,169807987
CC(=O)c1ccc(B2O[C@H](C)CC(C)(C)O2)cc1,246.14272486800002,1,169806783
CC1(C)OB(c2ccc3ocnc3c2)OC1(C)C,245.12232377200002,2,169746344
COCc1ccc(B2OC(C)(C)C(C)(C)O2)cc1,248.15837493200002,1,169975088
Cc1cccc(B2OC(C)(C)C(C)(C)O2)c1F,236.13838843599999,1,169746852
Cc1ccc(B2O[C@H](C)CC(C)(C)O2)cc1,218.14781024799998,1,169807399
CNc1ccc(B2OC(C)(C)C(C)(C)O2)cc1C,247.174359344,1,170004953
C[C@@H](N)c1ccc(B2OC(C)(C)C(C)(C)O2)cc1,247.174359344,1,204397677
Cc1cccc(B2O[C@H](C)CC(C)(C)O2)c1,218.14781024799998,1,169807755
C[C@@H](O)c1ccc(B2OC(C)(C)C(C)(C)O2)cc1,248.15837493200002,1,169806776
CC1(C)OB(c2cccc3ncoc23)OC1(C)C,245.12232377200002,2,206177081
Cc1cc(B2OC(C)(C)C(C)(C)O2)ccc1C#N,243.14305921599998,1,169809900
Cc1cc(F)ccc1B1OC(C)(C)C(C)(C)O1,236.13838843599999,1,169794291
Cc1ccc(B2OC(C)(C)C(C)(C)O2)cc1,218.14781024799998,1,169745015
CNc1cc(B2OC(C)(C)C(C)(C)O2)ccc1C,247.174359344,1,170004885
CC1(C)OB(c2cccc(CC#N)c2)OC1(C)C,243.14305921599998,1,169743573
CC1(C)OB(c2cccnc2C2CC2)OC1(C)C,245.15870928,1,224681888
CC1(C)OB(c2ccc3c(c2)CCC3)OC1(C)C,244.16346031199998,1,169936018
CC1(C)OB(c2ccc(Cl)o2)OC1(C)C,228.072452388,1,238176326
CC1(C)OB(c2c(F)cccc2F)OC1(C)C,240.11331656,1,169747283
Cc1ccsc1B1OC(C)(C)C(C)(C)O1,224.104231184,1,169747611
Cc1ccc(F)cc1B1OC(C)(C)C(C)(C)O1,236.13838843599999,1,169747307
Cc1c[nH]c2ccc(B3O[C@@H](C)C(C)(C)O3)cc12,243.143059216,2,575433787
CC1(C)OB(c2csc(Cl)n2)OC1(C)C,245.044857736,1,203614201
COc1cc(C)ccc1B1OC(C)(C)C(C)(C)O1,248.158374932,1,196874801
CC1(C)OB(c2ccncc2C2CC2)OC1(C)C,245.15870928,1,198023854
Cc1cc(C)c(B2OC(C)(C)C(C)(C)O2)c(C)n1,247.17435934399998,1,299738085
COc1cccc(B2OC(C)(C)C(C)(C)O2)c1C,248.15837493200002,1,196511100
Cc1cc(C)c(B2OCC(C)(C)CO2)c(C)c1,232.16346031199998,1,169851590
COc1ccc(C)cc1B1OC(C)(C)C(C)(C)O1,248.158374932,1,211233668
CCc1ncc(B2OC(C)(C)C(C)(C)O2)s1,239.115130216,1,198091686
CC1(C)OB(c2ccnc(C3CC3)c2)OC1(C)C,245.15870928,1,198088404
Cc1cc(B2OC(C)(C)C(C)(C)O2)c(C)cc1O,248.158374932,1,169993762
Cc1cc(C)c(N)c(B2OC(C)(C)C(C)(C)O2)c1,247.174359344,1,209751737
Cc1c[nH]c2ccc(B3O[C@H](C)C(C)(C)O3)cc12,243.143059216,2,575433788
CC1(C)OB(c2c[nH]c(C(F)F)c2)OC1(C)C,243.124215592,1,575629386
CC(C)c1cc(B2OC(C)(C)C(C)(C)O2)on1,237.15362389999999,1,536955592
CCc1cc(B2OC(C)(C)C(C)(C)O2)ccc1N,247.17435934399998,1,209769867
CCCc1cc(B2OC(C)(C)C(C)(C)O2)ccn1,247.17435934399998,1,198088531
Cc1cccc(C)c1B1OC(C)(C)C(C)(C)O1,232.16346031199998,1,195843765
CC1(C)OB(c2cccc(C3CC3)c2)OC1(C)C,244.16346031199998,1,169968631
Cc1cc(C)c(B2OC(C)(C)C(C)(C)O2)cc1C,246.17911037599998,1,200123942
CC1(C)OB(c2ccc(Cl)s2)OC1(C)C,244.04960876799998,1,169747602
CC(C)c1cc(B2OC(C)(C)C(C)(C)O2)ccn1,247.17435934399998,1,198089255
C=CCc1ccc(B2OC(C)(C)C(C)(C)O2)cc1,244.16346031199998,1,196261569
Cc1ccc(B2OC(C)(C)C(C)(C)O2)cc1C,232.16346031199998,1,169935835
CCc1cccc(B2OC(C)(C)C(C)(C)O2)c1,232.16346031199998,1,169807411
Cc1cc(B2OC(C)(C)C(C)(C)O2)cc(C)c1C,246.17911037599998,1,195966068
CC1(C)COB(c2cccc3ccccc23)OC1,240.13216018399999,2,169794693
CC1(C)OB(c2sccc2Cl)OC1(C)C,244.049608768,1,169746052
Cc1cc(C)c(B2OC(C)(C)C(C)(C)O2)c(C)c1,246.17911037599998,1,169985696
CC1(C)OB(c2cccc3ccoc23)OC1(C)C,244.127074804,2,169743735
CCc1ccccc1B1OC(C)(C)C(C)(C)O1,232.16346031199998,1,205325147
CC1(C)OB(c2ccc(C3CC3)cc2)OC1(C)C,244.16346031199998,1,169748364
CC1(C)OB(c2cc(Cl)cs2)OC1(C)C,244.04960876799998,1,169956123
CC1(C)OB(c2cccc(Cl)c2)OC1(C)C,238.09318783199998,1,169747925
CC1(C)OB(c2cscc2Cl)OC1(C)C,244.049608768,1,606291374
CC1(C)OB(c2ccccc2Cl)OC1(C)C,238.09318783199998,1,169794283
CCc1ccc(B2OC(C)(C)C(C)(C)O2)cc1,232.16346031199998,1,169747657
CC1(C)OB(c2csc(Cl)c2)OC1(C)C,244.049608768,1,199487997
Cc1ccc(C)c(B2OC(C)(C)C(C)(C)O2)c1,232.16346031199998,1,169986454
Cc1cc(C)cc(B2OC(C)(C)C(C)(C)O2)c1,232.16346031199998,1,196003989
Cc1ccc(B2OC(C)(C)C(C)(C)O2)c(C)c1,232.16346031199998,1,196603587
CCc1cc(B2OC(C)(C)C(C)(C)O2)cs1,238.11988124799998,1,306490513
CC1(C)OB(c2ccc(Cl)cc2)OC1(C)C,238.09318783199998,1,169743569
CC1(C)OB(c2cc3ccccc3o2)OC1(C)C,244.127074804,2,169807807
C=CCc1ccccc1B1OC(C)(C)C(C)(C)O1,244.16346031199998,1,195888337
CC1(C)OB(c2coc3ccccc23)OC1(C)C,244.12707480400002,2,169807944
CC1(C)OB(c2cccc3occc23)OC1(C)C,244.127074804,2,199715309
CCCc1ccc(B2OC(C)(C)C(C)(C)O2)cc1,246.17911037599998,1,CHEMBL1952302
CCCc1ccc(B2OC(C)(C)C(C)(C)O2)cc1,246.17911037599998,1,170152045
CCc1ccc(B2OC(C)(C)C(C)(C)O2)s1,238.11988124799998,1,198093745
CC1(C)COB(c2ccc3ccccc3c2)OC1,240.13216018399999,2,169806798
CCCc1cccc(B2OC(C)(C)C(C)(C)O2)c1,246.17911037599998,1,200173254
Cc1cccc(B2OC(C)(C)C(C)(C)O2)c1C,232.16346031199998,1,169975033
[C-]#[N+]c1ccc(B2OC(C)(C)C(C)(C)O2)cc1,229.127409152,1,196874897
CC1(C)OB(c2ccc3ccoc3c2)OC1(C)C,244.127074804,2,170011688
CC1(C)OB(c2ccccc2C2CC2)OC1(C)C,244.16346031199998,1,206048299
CC1(C)OB(c2ccc3occc3c2)OC1(C)C,244.12707480400002,2,169743660
Clc1ccc(B2Oc3ccccc3O2)cc1,230.030587576,2,195785587
CC(C)c1ncccc1B1OC(C)(C)C(C)(C)O1,247.17435934399998,1,206115531
CC(C)c1cncc(B2OC(C)(C)C(C)(C)O2)c1,247.174359344,1,203612398
CCCC1(C)COB(c2ccc(C)cc2)OC1,232.16346031199998,1,169745542
CC1(C)OB(c2ccsc2Cl)OC1(C)C,244.049608768,1,199595027
CC1(C)OB(c2cc(C3CCC3)co2)OC1(C)C,248.158374932,1,198095879
CC(C)c1ccccc1B1OC(C)(C)C(C)(C)O1,246.17911037599998,1,169975935
CC(C)c1ccc(B2OC(C)(C)C(C)(C)O2)cc1,246.17911037599998,1,169935824
CC(C)c1cccc(B2OC(C)(C)C(C)(C)O2)c1,246.17911037599998,1,169935828
CCCCOB(OCCCC)c1ccccc1,234.179110376,1,169806771
